Txt,Year12,Month12,idx
"일월용띠의 성향 - 항상 공부하면서 행동하는 건실한 행동파이다.

전해의 토끼해의 영향을 아직 강하게 받고 있으므로 좋은 위세에 신중성이 가해져서 무게가 있는 성격을 갖고 있다. 
무슨 일에도 노력을 아끼지 않는다.

운수는 태어날 때부터 갖고있는 건실성이 있기 때문에 다른 달의 용띠보다 아무래도 걸음이 느린 것같이 보이나 입신출세에 노력을 아끼지 않으면 착실하게 열매를 맺는다. 단, 젋었을 때에 너무 상황좋게 발전해지면 중년 이후에 일시 중단되는 기간을 맞게된다.

남성은 작가나 연극배우 가수가 이 달의 태생이다. 
여성은 다도, 꽃꽃이, 한복 등 순 한국식을 취미로 삼는 반면 생각은 합리적이며 극히 현실적인 사고방식이나 행동의 경향이 있다고 한다. 
생활력이 있는 가정적인 남성의 덕을 받게되나 무엇이든 이지로서 해결하려고 하면 아무리 부부 사이라도 충돌할 것이다. 
그러나 주간에 아무리 다투에도 밤이 되면 어떻게 해서라도 남편에게 타협을 구하려고하는 약한 점이 있으므로 큰 일로는 되지 않는다. 

궁합으로서는 소띠의 11월생, 개띠의 2월생 남성이 최고이다.
열성적인 일 태도에 반해서 가정에서는 그다지 말이 없는 것이 이 달의 남성이다. 
아내와의 대화도 간단하게 끝내고 잠자리에 훌쩍 들어가는 사람이 많은 것 같다. 
소띠의 9월생 여성이면 요리에서 침실까지 세심하게 돌봐주어서 당신을 괴로워하지 않을 것이다.
","辰","寅",1
"삼월용띠의 성향 - 예민한 감수성과 다정성을 갖는 반면에 강렬한 자아심을 속에 품고 있다.

이 상반되는 두 가지 성격이 결합해서 자기 개발에 빛을 내게하고 인격적으로나 사회적으로도 순조롭게 발전해간다. 
여러가지 장애, 무서운 경쟁상대가 나타나지만 이럴때는 이까짓것 하는 근성을 그대로 나타내서 타개해 나가는 사람이다.
남자배우나 여자배우, 기수 등 예능, 스포츠계에서 오랫동안 활약한 사람들이 많다.

이 달의 여성에는 내면의 강한 점이 그대로 밖으로 나타나 윤곽이 또렷한 남성적인 용모의 사람이 있다. 
남자복장이 잘 어울리며 연극에서의 남자역을 맡으면 일류스타가 되는 것은 틀림이 없다. 
레즈비언의 여성에게 유혹을 당할지도 모른다.
그러나 남성에 대해서는 정상 그 자체이며 완전히 여자답게 되고 이때만은 지나치다고 생각될 정도로 모성적인 태도를 나타낸다.
체력이 있고 또한 다채로운 취미를 잘 이해해 주는 남성을 찾아야 할 것이다.

개띠의 9월생이면 이상적이다. 
또 남성은 양때의 4월생 여성과 최고의 궁합이 된다.
","辰","辰",3
"오월용띠의 성향 - 명랑하고 친절하며 대인관계가 좋아 모두에게 호감을 받고 있다.
 
사람이 모였을 때는 자진해서 통솔력을 청해서 지도력을 발휘한다. 
또 집에서 입고 있던 옷차림으로 요리점에 가는 등 나가기를 좋아하는 점도 있고 귀금속 등 예쁜 것도 좋아한다. 
이와같이 양성의 좋은 성격이지만 애써 결점을 찾는다면 다소 신경질적이며 변덕스러운 점일 것이다.
프로야구의 감독, 한 곡을 몇년씩이나 계속 부르는 가수들이 이 5월생이다.

여성도 화려한 것을 좋아하며 매력적이다. 
그러나 5월 태생의 용띠에서는 여성쪽이 남성보다 용감하며 개척정신이 왕성하다. 
누구도 무서워서 가지않는 도깨비집의 소문을 들으면 제일 먼저 탐색하러 나가서 [이거 아무것도 없지 않나?] 하면서 태연하게 돌아온다. 
강도를 잡거나 치한을 경찰에 넘기는 등 여러가지 무용담이 많은 사람이지만 다만 이성에 관한한 극단으로 소심하고 얌전해진다.
 
뱀띠의 5월생 남성과 행복한 가정을 꾸릴 수가 있다. 
남성은 개띠의 4월생 여성이 좋을 것이다.","辰","午",5
"칠월용띠의 성향 - 충실하고 잘 살펴주며 좀 여성적인 것이 이 달의 남성이다.

정력적으로 잘 일하고 남자의 세계에서는 한발짝도 양보하지 않는 강한 사람이지만 막상 여자와 마주 대하면 갑자기 [남성이라는 것]을 자신이 포기하는 것이다.
어깨에 붙어있는 실밥을 떼어주거나 상대의 문닫는 시간을 쓸데없이 걱정하거나 지나치게 마음을 써서 실패하게 된다. 
여성이 간신히 그러한 마음에 되었는데 이때다 할 때에 [이런 일을 해서 나를 싫어하지 않겠나?] 
등으로 망치게 만든다. 
여성을 위하는 것도 적당하게 하여야 할 것이다. 
모두가 그렇다는 것은 아니지만 그러한 사람이 이 달 태생이 많다. 
지나치게 온순한 타입이므로 오히려 예리치 않은 약간 둔한 여성을 택하면 좋을 것이다.

추리, 사색이 필요한 학문관계, 미술평론, 의상 디자이너 등이 적합할 것이다.
여성은 활발하고 명랑하며 누구에게서도 사랑을 받으나 약간의  탐색기가 있어서 흠이다. 
이 달의 용띠에는 여배우, 여가수가 많은 것 같다. 
미용에 관해서 주의할 점을 말한다면 기미, 주근깨가 생기기 쉬운 체질이므로 특히 해수욕, 스키의 뒤에 피부 손질에 마음을 써야 할 것이다.

궁합은 범띠의 2월생 남성은 될수록 피하고 할 수 있으면 개띠의 4월생 사람을 택하도록 하자.","辰","申",7
"팔월용띠의 성향 - 용띠 제 1의 아이디어맨이다.

일이나 생활에는 항상 자기 나름대로의 아이디어를 살리려고 노력한다.
하숙의 방도 이 사람의 손이 닿으면 호화스러운 왕실의 방이 아닌가 할 정도로 변모하게 된다.
스탠드 한 가지라도 고물상에서 발견한 왕조식의 장식갓을 씌우고 창에는 진홍의 커튼을 치며 벽에는 금빛의 액자를 장식하는 등 돈을 쓰지않고 연구 하나로써 방의 분위기를 완전히 바꾸어 버린다.

직장에서 간부사원들이 난처한 문제로 골치를 앓고 있을 때 문제해결에 훌륭한 힌트를 생각해 내는 것이 이 달의 여성이다.

남녀 모두 다산계인데다가 애를 좋아하므로 결혼 후 5년정도 지나면 확실히 아이가 여럿이 될 것이다.
이번 하나로 그치자 라고 말하는 동안에 애가 셋이나 되는 체력이 왕성한 점이있다. 
남녀 모두 어떠한 직종에 종사해도 일단은 성공을 하게된다.

이 달의 여성에는 유방이 풍부한 사람이 많은 것 같다.
궁합은 여성의 경우 토끼띠의 2월생 남성과 최고의 궁합이 된다. 
어린이를 싫어하는 남성이든가 자기를 양손으로 껴안아주지 못 하는 가엾은 남성과는 결혼하면 안된다.
남성은 닭띠의 4월생 여성과 이상적인 궁합이 된다.","辰","酉",8
"십일월용띠의 성향 - 고독하고 소심하며 섬세한 신경의 소유자이다.

말을 할 때 절대로 상대의 눈을 보지 않는 사람이다.  
가장 앞줄에 서서 차를 기다리다가도 문이 열리고 사람들이 뒤에서 밀고 들어오면 그저 우물쭈물 망서리다가 결국은 자리도 잡지못하는 것이다.
사람을 밀어제치고 자기를 밀어 넣는 것을 할 수 없는 성질이므로 회사원, 저널리스트 등 사람과  절충이 많은 직업은 피하는 것이 좋을 것이다.
작가나 작곡가처럼 혼자서 꾸준히 재능을 발전시켜 성공할 사람이다.

여성은 도회적이며 날씬한 외견 그대로 성격도 온화하고 언동도 귀여우며 우아한 느낌이 든다. 
데이트할 때도 화제는 주로 음악이던가 조용한 분위기에 관한 것이다.
그리고 절대로 큰소리로 말을 하지 않는다. 
스포츠는 그다지 잘하지 못하지만 불이라도 났다면 남자 세 사람이 달라붙어도 들지 못할 무거운 금고를 들고 나오며 저금통장을 잊었다고 해서 불속으로 뛰어드는 용맹성을 발휘한다.
절대로 남성맹종형의 여성은 아니다.

소띠의 3월생 남성이 최고의 궁합이다. 
남성은 소띠의 12월생 여성이 좋다.

신경성의 병에 특히 주의하여야 한다.","辰","子",11
"일월 뱀띠의 성향 - 몸집이 좋고 성격이 좋으며 전 해인 용해의 영향이 강하게 남아있다.

너무 화려한 것을 좋아하지 않고 복장을 보아도 심플한 디자인을 선호한다. 
겸손한 인품에 쾌활성이 플러스되어 회사에서나 친척들에게도 신뢰를 받으며 특히 아랫사람의 상담 상대로서는 절대적인 존재이다. 
인생상담 생활평론에 오랫동안 활약한 사람은 바로 이 점을 얻은 존재인 것이다. 
이 달 태생의 사람들은 남의 일을 잘 도와주는 인격자가 많다.

인생에 대해서도 노력해서 진로를 개척하는 타입이며 30세가 지나서 비약적인 찬스를 맞게된다. 
저축심이 있으나 갬블(도박)성의 점에는 기대할 수가 없다.
카운셀러, 소아과의사, 간호사 등 세심한 일에 마음을 쓰는 직업을 택하면 성공한다.

애정면에서는 맞선으로 결혼할 타입이다.
결정하는데에 시간이 걸리므로 연애를 해도 두 사람의 타이밍이 잘 맞지않는 점이 있다.
당신이 여성이라면 보호자적인 남성을 맞이하고, 연령이 5세이상 차이가 나는것이 안정감이 있는 생활을 보낼 수가 있다.

궁합은 소띠의 7월생, 12월생 남성이 좋을 것이다. 
남성은 성격적으로 비슷한 여성을 좋아하므로 화려하지는 않지만 씩씩한 행동력이 있는 원숭이띠의 2월생, 뱀띠의 8월생 여성이 좋다.","巳","寅",13
"삼월 뱀띠의 성향 - 의아심을 품는 사람이다.

모든 것에 [이것이 어째서]라 의심하지 않을 수가 없다. 
또 의문을 말로 표현하지를 못하므로 안에 품어 시무룩한 성격으로 보이게 된다.
그러나 타고난 우수한 지능을 발전시키고 두뇌, 감정을 살리는 일에 종사하면 톱으로 뛰어오를 수 있는 사람이다.

재능은 인정을 받아도 금전과는 인연이 없는 사람도 있다.
정의감이 강하고 강인한 상사에 이끌려서 실패의 책임을 뒤집어 쓰는 판국에 빠지는 일도 있을 것이다. 
또 기획자로서의 재능도 있다.

이 달의 남성은 여성에 대해서 특히 의심이 깊고 [나에게 이렇게 친절하게 해 주는 것은 무엇인가 속셈이 있기 때문이 아닌가?] 라고 생각해서 좀처럼 마음을 주지 않는다. 
애써 여러 해 사귀어온 애인을 다른 사람에게 뺏길 때가 있다.

양띠의 4월생 여성이면 당신의 내심에 있는 꺼림칙한 것을 상냥하게 풀어줄 것이다. 
여성은 예쁜것을 좋아하며 꿈을 꾸는 사람이며 용모나 재산, 지위에 반해서 결혼한다. 

뱀띠의 8월생, 닭띠의 2월생 남성이면 당신이 바라는 조건에 상냥한 인품이 플러스 된 사람이다.","巳","辰",15
"오월 뱀띠의 성향 - 열중하기 쉬운 성질을 갖고 있다.

일에 집중하면 다른 일은 일체 생각치않게 되고 극단으로 자기 중심이 된다.
행동력에 변동이 있어 잘 움직이고 있다고 생각하면 게으름을 피운다.
배가 고프지 않으면 몸을 도사리고 움직이지 않는 뱀과 비슷하다.
그러나 이 성질은 체력이 약한 사람, 학문을 탐구하는 사람에게는 도리어 좋은 일을 하기 위한 도움이 된다. 
작곡가 브람스가 여러가지의 걸작을 남긴 것도 이 점을 살렸기 때문이다.

술버릇이 나쁜 것이 곤란한 점이다. 이 주벽만 없다면 좋은 사람이다. 
기회를 잡는 것이 좋고 일생의 출발은 다른 사람보다 한 발 앞서지만 20대 중반에서 급한 성격과 주벽 때문에 막힐 때가 있다.

일단 연애를 하면 남녀 모두 극단적으로 정열적이며 결승점까지 서로 흡수하게 된다. 
그리고 궁합이 좋건 나쁘건 서로가 좋으면 된다는 식으로 결혼을 한다.
젊었을 동안은 그런대로 잘 지내지만 30세가 지나면 특히 부부의 애정면에서 금이 생기게 된다.

이 달의 태생의 사람은 무드보다도 실질을 잡는 성질인 것이다. 
이 궁합이 맞지 않으면 재혼이 많아진다. 
남성은 범띠의 5월생, 용띠의 5월생과, 여성은 돼지띠의 4월생과 특히 잘 맞는다.
","巳","午",17
"유월 뱀띠의 성향 - 현명하고 판단이 빠르면 민첩한 행동을 할 수 있는 사람이다.

한가지 일에 열중하는 집찹성은 없고 명랑하고 친절심이 넘친다.
특히 웃는 얼굴에는 사람들을 끌어당기는 힘이 있다.
예를 들면 탤런트나 영화배우들의 얼굴을 상상해 보자. 
모두가 이성에게 인기가 있어 그러므로 일반적으로 조혼(早婚)과 만혼(滿婚)의 양극단으로 나누어진다.

학생시절에 결혼하는 사람도 상당히 있다. 
좀 경솔한 점이 있어 사람들의 앞장을 서는 기미가 있다. 
낭비하는 버릇도 눈에 띈다. 
특히 계장, 과장급일 때는 교재비가 쌓여 가계에 압박을 주게되는 수도 있을 것이다.

이 달의 여성은 비교적 화려하며 행동파의 사람이 많은 것 같다.
이 사람들이 가장 경계해야 할 사람은 여자를 속이는 플레이보이보다 오히려 쓰레기 같은 인간이며 의뢰심이 강한 남성, 당신으로부터 1,000원, 2,000원의 잔돈을 빌리는 남성이다.
이러한 남성과 결혼하면 일생 생활고에 시달릴 염려가 있다.

뱀띠의 10월생, 개띠의 8월생 남성이면 안심하고 애정을 바칠 수가 있을 것이다. 
또 프라이버시를 존중하는 사람이므로 결혼해서 아파트를 고를 때는 될 수록 벽이 두꺼운 철근맨션으로 하도록 한다.
또한 남성의 궁합은 범띠의 10월생 여성이 좋다.","巳","未",18
"구월 뱀띠의 성향 - 지기 싫어하는 마음이 강하고 투쟁심이 넘치는 사람이다.

그러나 그 반면 다소 자주성이 모자라는 점이 있어 이것과 지기 싫어하는 마음이 합치면 경솔한 행동으로 사람을 다치게된다.
자기 주변에 이러한 결점을 교정해 주는 사람, 가령 12년 위의 뱀띠 선배를 갖는 것이다. 
재물을 늘리는 재능이 있지만 예측이 지나치게 세기때문에 경기의 하락시기를 맞은 것을 눈치채지 못하고 재산을 절반씩이나 줄 때도 있다. 
특히 35세경이 가장 위험한 때이다. 

남성은 마음이 맞는 아내를 얻게된다. 
가정에 있어서도 수입을 얻을 수 있는 특기를 가진 소띠의 3월생, 토끼띠의 9월생 여성을 찾아내면 이상적이 된다.

여성은 지지않는 성미 때문에 자기 주장이 강한 남성에게는 멀리하게 되기 쉽지만 다른 여성에는 없는 강력한 무기가 있다. 그것은 균형이 잡힌 훌륭한 몸매이다. 
보기엔 부드러운 것 같지만 의외로 근육질인 육체이며 탄력이 풍부한 사람이 많은 것 같다.

이상적인 몸의 실루엣은 양복디자이너도 홀딱 반할 정도이다.
딱딱한 회사의 내근하는 남성과 맞는다. 

뱀띠의 12월생, 돼지띠의 6월생 남성이면 다소 성미가 강한 당신을 세이브하고 가정을 좋게 리드해 줄 것이다.
성적이 좋은 어린애가 태어날 것이지만 신경질 적 경향이 있으므로 어린이 앞에서의 어른들의 애기는 삼가는 것이 좋을 것이다.
","巳","戌",21
"시월 뱀띠의 성향 - 이 달의 남성에는 얼굴 모양이 어리고 정신적으로도 좀처럼 어른이 되지 않는 사람이 간혹 있다.

대학을 나와 근무하기 3년이나 되는데 신입사원인 아가씨로부터 [어마..저 사람 아르바이트하는 고교생이잖아] 하고 말을 듣게되어 자신조차 자기가 싫어지게 된다. 
사람과 만나면 일단은 도리에 맞는 말을 하지만 경어의 사용법이 엉망이든가 말 흉내를 내든가하는 이상한 몸짓이 많아 아무리 보아도 한 몫할 만한 어른이라고는 생각 할 수가 없다.
이 어린티가 나는 용모가 의외로 여성에게 호감을 주는 요소일지도 모른다. 
그리고 30세를 지나서 부터는 본격적으로 일의 물결을 타고 사회적인 신용도 얻게된다.

가정을 가지면 배우자에게는 사랑을 아끼지 않고 쏟으며 어린이를 위해서도 열성적이다.

이 달에 태어난 사람에게는 여성으로서 뛰어난 사람이 많다. 
유명한 여류작가나 가수, 여배우들이 있다.

돈에는 그다지 집착하지 않지만 이상하게도 복을 타고있다. 
또한 이성에 대해서는 그다지 복잡한 일이 없는 사람이다.
그러나 직업의 레퍼터리는 비교적 넓고 여러가지 분야에서 발전될 것이다.

궁합은 남성이라면 돼지띠의 3월생 여성이 좋고 여성은 양띠의 2월생 남성이라면 오래 살 수 있을 것이다.","巳","亥",22
"이월 말띠의 성향 - 사회적으로는 그다지 고생없이 순조롭게 발전을 계속하는 강한 운수를 갖고 태어났다.

스타트 대쉬의 좋음이 최대의 강세이며 여기서 경쟁상대와 큰 차이를 만든다.
의복은 눈에 띄지 않는 곳을 신경쓰는 사람이다. 
유행의 미니스커트를 입는다는 것은 상스러운 짓이라고 하여 고급천으로 검소한 의복을 만들어서 입고있다.
만일 타인이 이것을 칭찬이라도 하면 [이 사람이 나를 이해한다] 고 일생동안 호의를 가질 것이다.

도량이 넓은 인품이지만 좋은 환경속에서 자라났기 때문에 이것이 호인, 세상물정을 모르는 사람으로 그대로 통한다. 
특히 자라난 환경이 다른 사람에게 나타난다. 

평상시 주위에서 이러쿵 저러쿵 칭찬하는 것에 만성이 되어 있으므로 칭찬받는 것이 당연하다고 생각하고 있다.
자기가 좋아하는 식으로 만드는 사람이 많은 것 같다.

성실성과 합리성을 아울러 갖춘 남성은 쥐띠의 7월생, 개띠의 4월생이 좋고 여성은 개띠의 2월생, 양띠의 9월생이 궁합에 맞는다.

최종적으로 3명의 후보로 좁혀지지만 두번째로 등장하는 사람이 주인공이다.

혈압항진, 안질들에 많이 조심할 필요가 있다.","午","卯",26
"삼월 말띠의 성향 - 자기에게나 타인에게도 기대가 너무 크기 때문에 현실에는 좌절을 되풀이하는 일이 많은 인생이다.

그러나 언제나 꿈을 꿀 수 있는 생활을 보낼 수 있는 사람이다. 
이 달의 태생에는 노벨물리학상에 빛나는 사람, 바둑의 명인, 신경지를 개척하려고 노력하는 살람들이 많은 것과 같이 아이디어에 충만하다.

또한 이 달 태생의 사람에게는 생각을 하면서 걷는 버릇이 있어 자주 빨간 신호의 횡단보도를 그대로 건너가서 교통순경에게 혼나는 일이 있다.
또 보기에는 상당히 대담한 것 같지만 실은 대단히 신중하며 다른 사람에게서 약속을 받아도 좀 처럼 받아들이지 않는다.
그러나 일단 승낙하면 가령 마누라를 전당포에 맡기는 일이 있더라도 해내는 의리가 굳은 사람이다.

궁합은 남성은 일의 울분을 집에서 푸는 쪽이므로 이것을 한 귀로 흘러보내고 교묘하게 스트레스의 발산을 도울 수 있는 재치있는 여성이 필요하다. 
원숭이띠의 7월생, 개띠의 12월생이 맞는다.

여성은 규모있는 살림이 서툴다. 
시어머니와 동거하는 것은 피하도록 하고 소띠의 10월생, 양띠의 12월생 남성은 당신의 결점을 잘 커버하고 또 무엇이든 천천히 즐기고 싶은 당신과 맞는 사람이다.

또한 이 달에 태어난 사람은 중년에 직업의 변화가 오게된다.","午","辰",27
"오월 말띠의 성향 - 자동차 운전 면허 시험에서 법규나 구조의 이론시험은 만점이지만 실기시험에서는 액셀과 브레이크를 잘못 밟는 등 형편없는 행동을 보이는 두뇌형의 사람이다.

즉 무엇이든 머리로 승부하려고 하고 몸을 움직이지 않는 편이다. 
법률이나 수학 등 추상적인 분야에는 천재 기질의 재능을 갖고있으나 실생활에서는 매우 재간이 없다. 
대학의 교수나 연구소 등 다소 속세를 떨어진 곳에서 실력을 발휘하고 순조로운 생활을 보낼 수 있다.

섬세한 신경의 소유자이므로 상당히 독특한 타입의 행동을 나타낸다. 
차를 타면 손가락 하나만을 손잡이에 걸고 서 있거나 마음에 두는 취미가 발견될 때까지 여러가지로 바꾸어 보는 일을 한다. 
음악은 클래식이나 모던재즈인가 하고 생각하면 그것이 아니라 이외로 대중가요의 팬이다.

이와같이 보기에는 알기힘든 사람이지만 대단히 명랑하고 행동적인 사람과 마주하면 자주성을 잃고 리드를 당한다. 
보호자타입의 사람에게 약한것이다.

남성이면 연상의 여성을, 여성은 학교의 선생을 사모하는데서 청춘의 막이 열리는 사람이다.

궁합을 보면 남성에는 쥐띠의 4월생, 토끼띠의 11월생 여성이 좋고 여성은 쥐띠의 3월생 남성이 맞는다.","午","午",29
"칠월 말띠의 성향 - 언덕이 가파롭지 않고 유연한 것처럼 마음이 온순하고 다정한 사람이다.

여성은 결혼 당사자보다 오히려 양부친이나 형제자매들에게 먼저 마음을 쓰는 타입이다.
따라서 22세 정도에서 결혼을 강요당하는 일이 많고 대학을 중퇴하는 일도 많이 생긴다. 
특히 상사나 석유회사 등 해외주재가 많은 회사 사원이나 외교관과 결합되어 결혼 후 반년에서 1년으로 외국에 살게 될 가능성이 많으므로 외국어를 열심히 배워두어야 할 것이다.

남성은 자기를 희생해서 남을 돕는 것이 자기의 이익으로 되어 되돌아온다. 
그러나 남성, 여성 모두 자기 주장을 펴는 것을 꺼린다.
아내가 되어도 남편만을 믿고 곤란한 일이 닥쳤을 때도 혼자서 처리를 하지 못하는 믿음성이 없는 점이 있다.

이 달 태생의 사람에게는 예능계통의 사람이 많은 것이다.
그런데 여기서 의외인 것은 포카 등 승부 일에 강하다는 것이다. 
이 때에 한하여 사람이 좋다는 점은 모습을 감추고 그야말로 포카페이스로 강하게 승부에 도전하는 사람이 많은 것 같다.

궁합을 보면 남성은 본가가 먼 지방에 떨어진 여성으로 토끼띠의 4월생, 말띠의 11월생의 사람이 좋고, 여성은 당신의 의견을 말할 수 있는 남성 토끼띠의 6월생, 개띠의 9월생이 맞는다.","午","申",31
"구월 말띠의 성향 - 참대를 가른 것 같은 산뜻한 사람이다.

사회를 보면 명사회자, 연극에서는 정확한 연기를 보이는 말하자면 사나이다운 타입니다. 
남이 고생하고 있을 때는 모든 일을 제치고 힘을 써 주지만 막상 자신이 곤경에 빠졌을 때는 그러한 낌새는 조금도 보이지 않는다. 
살아나가겠다는 생활태도가 산 보람인 것이다.

어차피 돈을 모으는 것에는 인연이 없다. 
살아가는 태도는 물품에 집념하는 것에서도 볼 수가 있다. 
예를 들면 담배는 파이프담배 한가지이며 이것도 수입품에 한한다. 
담배를 살 수 없으면 상점을 한집 한집 돌아서도 찾아내려는 것이다.
이러한 사람인만큼 머리가 잘 도는 사람이 보면 이용하기 쉬운 단세포적, 약점 투성이의 인간과 같이 보일 것이다. 
친구와 술마시러 가면 나중에 자기 혼자서 계산하게 되는 환경에 빠지거나 
언제나 손해를 보는 역할, 남에게 끌리어가는 역할이다.
그러나 내면은 상당히 착실한 것이다.

결혼의 궁합은 정확히 생활을 해 나가는 사람이 필요하다. 
사람이 너무 좋은 것을 커버해서 이것을 머리에서부터 눌러버리는 일을 하지않는 상대가 필요하다. 
남성은 쥐띠의 9월생,닭띠의 12월생이 좋고 여성은 토끼띠의 정월생, 원숭이띠의 5월생이 도와줄 사람이다.

남녀모두 한눈에 반하기 쉬운 성질이므로 그 상대는 당신을 정신적으로 피곤하게 만들 사람이다.
친구들의 형제, 자매 중에 항상 친하므로 그냥 지내버리고 있던 아주 훌륭한 상대가 있을 것이다.","午","戌",33
"십이월월 말띠의 성향 - 이사가는 사람으로 상징되듯이 모든 면에서 변화가 심한 생활을 보낸다.

어떤 때는 조용히 사색에 잠기고 어느 때는 주로 행동으로 나서는 타입이다. 
변동 속에서 정신의 긴장을 유지하고 운수 중에서 마이너스의 요소를 없애는 것이다. 
성격의 폭이 넓고 친절성과 무관심성, 일꾼과 놀기쟁이란 것처럼 정반대의 것을 양쪽 모두 갖고 있어 때에 따라서 어느 한쪽이 얼굴을 내밀게 된다.
전근이 많은 일은 움직일 때마다 영전해가는 좋은 운수를 주게된다.

이 달 태생의 여성은 남자 물건이 잘 맞는다. 
푹신한 스웨터나 가죽잠바 등이 균형이 잡힌 몸의 선을 한층 돋보이게 한다.
그러나 바꾸고 싶은 마음이 있어서 한가지 일을 하면서 항상 다음의 일을 생각해서 그 장소에서의 일을 소홀하게 하기 쉽다. 

남성은 술을 마시러 가서도 테이블에 앉는 일은 없고 카운터에 잠깐 걸쳐서 2,3잔 마시면 
금세 다른 집으로 옮겨가는 부산을 부린다. 
여성이면 한번이나 두번밖에 입지 않은 한복이 가득하지나 않은지....

이렇게 눈부신 당신에게 결합될 수 있는 사람은 돼지띠의 8월생 원숭이띠의 9월생 남자이고, 쥐띠 정월생 개띠의 9월생 여성이다.","午","丑",36
"이월 양띠의 성향 - 온화하고 명랑하며 태평스럽고 낙천가이다.

누구에게서나 상담을 받는 존재이며 대단한 감수성과 로맨틱한 몽상을 속에 품고 있다. 
디자이너, 화가, 음악가가 되면 남에게 속박되지 않고 마음껏 천분을 발휘할 수 있을 것이다.
이 달  태생의 화가들의 그림이 쭉쭉 뻗고 굽힘이 없는 선은 바로 이 달의 특징을 나타내고 있는 듯 하다.
서부국의 거상인 죤 포드가 바로 이 달의 태생이다.

샐러리맨이라도 윗사람의 눈에 들어서 좋은 선까지는 올라가나 가혹한 출세경쟁을 이겨나가기 위해서는 상당한 노력이 필요할 것이다.
애쓰며 열심히 연구에 몰두하는 노력은 아끼지 않지만 될 수 있으면 한가롭게 자기가 좋아하는 일을 하면서 살고 싶다고 내심으로는 생각하고 있는 사람이다. 
피부가 희고 마른 남자가 많고 완력도 약한 사람이 많은 것 같다.

이 달의 여성은 그 성격과 같이 몸체도 유연하고 가날프면서도 단단한 점이 있다. 
보기와는 달리 건전하지만 여자다운 행동은 절대로 잊지 않는다.
그리고 이 여성은 배우자가 어떠한 곤경에 빠졌다고해도 변함없는 헌신태도를 나타낸다.

남자는 범띠의 6월생 여성과 결혼하면 연약한 일면이 억제되어서 행복한 생활이 약속된다.
여성은 범띠의 11월생 남성이 이상적이다.
","未","卯",38
"삼월 양띠의 성향 - 남의 은덕을 받게 된다.

자기를 잘 이끌어주는 사람, 재능을 발휘하게끔 만들어주는 사람을 만나게 되어 일이 순조롭게 운행되기쉽다. 
이러한 촉매적인 사람을 얻게되면 당신은 자기의 실력보다도 몇 배가 되는 힘을 발휘할 수 있다.

남성은 말이 없고 성실하며 노력가이다. 
젊었을 때부터 어른다운 점이 있어 데이트나 레저에는 그다지 흥미를 느끼지 않는다. 
상사로부터 신뢰를 얻어 귀여움을 받으나 내향적이다. 
술좌석 같은 데서 말한 욕 같은 것을 몇년이나 짓궂게 간직하고 있는 점이 있다. 
평소의 생활이 금욕적인 탓인지 때로는 새디스틱한 행동으로 나오는 것이 특징이다.
또 판매금지가 된 책이나 그림을 몰래 모으고 있는 사람을 흔히 볼 수가 있다.

이 달의 여성은 착실한 사람이며 융통을 잘하며 적당한 사교성이 있어 아내로서도 만점이다.

감각보다는 이론을 생각하는 쪽이므로 클럽에서 칵테일 같은 것을 마셔도 반응을 나타내지 않지만 
자기의 성격 따위를 잘 맞춰주면 경계심을 단번에 없앤다.
그리고 처녀성에는 구애받지 않는 여성이 많은 것 같다.

남성은 말띠의 11월생 여성이 좋다.
여성은 말띠의10월생 남성이 좋은 궁합이다.

이 달 태생의 사람에는 여화배우, 아나운서, 배우들이 있다.
","未","辰",39
"유월 양띠의 성향 - 운이 좋은 사람이다.

이 사람이 가는 곳엔 행운의 여신이 미소를 짓고 떨어지지 않는다. 
심심풀이로 응모했던 텔레비젼의 현상퀴즈에서 돈을 타게된다. 
복권 같은 것을 이 사람이 사게되면 확률은 훨씬 높아질 것이다. 
양친이 남긴 신용이나 사소한 계기가 나중에 생각지도 않은 효과를 발휘하게 된다.
또한 지휘자는 뛰어난 재능에다가 고관의 사위가 되어 한층 행복하게 되었다는 예도 있다.

명랑하고 대인관계가 좋으며 누구하고나 좋게 조화를 맞출 수가 있다는 데서 사람과 사람사이를 연결시키는 직업에 맞는다.
남자라면 부동산업, 도매업, 화상 혹은 외교관도 좋을 것이다.

여성은 작은 몸집이며 얼굴모양이 귀여우므로 5살정도 젊게 보이지만 단단하게 살이 찐 체구는 무의식 중에 강렬한 매력을 나타내고 있다. 
스웨터, 슬랙스 모습으로 거리를 걸어다니면 돌아보지 않는 남자는 아마 없을 것이다.
백화점, 회사의 경리등 될수록 사람 눈에 띄기 쉬운 곳에서 근무하도록 한다.

당신에게 알맞는 남성은 소띠의 7월태생 남자이다.
남성에게는 쥐띠의 9월생 사람이 좋은 궁합이다.","未","未",42
"칠월 양띠의 성향 - 한가지 일에 열중해서 성실한 노력에 의해 몸에 익힌 기술을 유일한 자랑으로 삼아 살아간다.

일단 맡은 일은 자신이 납득이 갈 때까지 물고 늘어지는 명인, 프로기질의 사람이다. 
세계최고봉을 정복한 영국의 힐라리경은 산사나이의 일념을 관철한 사람이다.

대체로 이사나 전직 등 움직이는 것을 싫어하며 자기의 집이 댐건설 예정지가 되면 강제 철거를 당할 마감 최후의 날까지 혼자 남을 정도이다.
사치스러운 남성이 하는 유행풍조를 못마땅하게 생각하며 당장 군대에 끌어갔으면 하고 생각하는 사람이 많은 것이다. 
또한 술에 취하면 콧노래를 잘부르는 사람이다.

착한 사람이며 남의 시중을 잘 돌보는 반면에 쓸모가 없는 사람이라 단정하면 일체 상대를 하지 않는 강한 마음도 있다.
어린애는 하늘에서 주어진 것이라 생각하고 소중히 여기며 귀여워한다.

이 달의 여성은 몸가짐이 곧은 것은 천하일품이며 데이트도 10회 신청해서 한번 응해주면 좋은 편이다. 
이 여성을 유혹할 수 있다면 플레이보이로서 일류일 것이다.
결혼 후는 남편과 어린이에게 헌신적으로 일을 하며 바람기 같은 것은 생각도 할 필요가 없지만 
연애소설이나 텔레비젼의 아슬아슬한 드라마에는 열중하는 일면도 있다.

남성은 말띠의 6월생 여성이 좋고 여성은 토끼띠의 6월생 남성과 결합하면 비슷한 사람이므로 잘 되어 갈 것이다.

집을 비울 때의 화재와 질병은 간장병에 주의하여야 한다.","未","申",43
"팔월 양띠의 성향 - 미적 감각의 예민성과 합리성을 아울러 갖고 있다.

상하로 값이 싼 옷이라도 이 사람이 입으면 최고 신사로 보이니 이상한 일이다. 
불과 몇 벌의 브라우스와 스커트를 잘 짝맞춰서 언제나 신선한 멋을 낼 수가 있는 것이다.
복장, 음식물 모두가 검소하지만 이것을 센스와 연구로서 보충하고 있다.
필요한 돈은 얼마든지 쓰는 대신에 한푼의 낭비도 하지 않는다. 
다소 시간이 걸려도 택시보다 전철을 이용하고 만나는 장소는 다방이 아니면 전철역으로 할 정도이다.
상점에서는 재빨리 좋고 싼 것을 발견하는 명수이다. 
따라서 저금도 상당히 하고 있는 사람이 많다.

이 달의 남성은 성격에서 오는 인상이 소프트하며 어딘가 달콤한 무드를 띄우고 있다. 
또 중년여성을 상대로 하는 장사가 아주 적합하다. 
화장품, 보석, 액세서리, 의복 등의 세일즈, 미용실, 염색점, 등의 경영이면 이상적일 것이다.

여성은 도회적이며 꾸밈새가 없는 핸섬한 남자와 만나게 되지만 어느 정도 매조키즘한 경향이 있다. 

남성은 용띠의 8월생 여성이 좋다.
여성은 쥐띠의 9월생 남성이 이상적인 궁합이다.","未","酉",44
"십이월 양띠의 성향 - 대단히 착한 사람이다.

남의빛을 대신 맡거나 싸움을 말리다가 크게 상처를 입는 등 손해를 볼 때도 많은 것 같다.
여성은 결혼사기에 휘말리기 쉬우므로 모습을 좋게 한 친절한 남자를 특히 조심하여야 한다.
이상가 타입이며 인간관계의 원활한 교제에 필요한 수단이나 아첨을 할 줄 모르는 성격이므로 자기도 모르게 적이 생길지도 모른다. 

거기다가 남을 알아보는 힘이 너무 약하므로 노력한 이상이나 대망의 꿈도 송두리째 무너질 때가 많은 것이다.
그리고 곤경에 빠져서 의욕이 소멸되고 이 세상이 악의에 차 있는 곳이구나 한탄하게 될지도 모른다.
그러나 이 돈키호테의 의기도 기껏 30대까지이며 해와 더불러 침착성이 늘어나서 현실에 발을 안정시킬 수가 있다.

이 달 태생의 사람은 철학자 타입이 많고 이 밖에 여배우, 가수로서 유명한 사람이 있으며 자기의 길을 타개해 나가려고 하는 사람이다.

남성은 모성애가 풍부한 말띠의 3월생 여성을 택하는 것이 좋다.
여성은 말띠의 10월생 남성이면 안심하고 몸과 마음을 맡길 수가 있을 것이다.
","未","丑",48
"일월 원숭이띠의 성향 - 아직 전해의 양해의 영향이 크게 남아 있다. 

온순하고 타인의 일을 간섭하거나 참견하지 않는 사람이며 적극적인 행동력도 풍부하다.
직업은 기술자 중에서도 설계, 계산 등이며 관리라면 농림기사와 같이 순수한 분야 혹은 세공물을 다루는 직업에 맞는다.
남의 일은 남의 것 자기 일은 자기의 일이라고 간섭하지 않는 성격이다. 
회의에서 좋은 플랜을 갖고 있어도 자기 소관에 관계가 없으면 발언을 하지 않고 마음속에서는 무시하는 냉정성이 있다.
 
이 달 태생의 사람에게 아침에 약한 사람이 많은 것은 저혈압 때문이다.
가벼운 저혈압은 오히려 장생하는 징조이므로 걱정할 필요는 없지만 엔진이 잘 걸리지가 않고 특히 오전 중은 초조하여 기분이 좋지 않게 되기가 쉽다.
그 대신 밤새우는 것은 끄떡도 하지 않으며 마작을 할 때 시간이 지나면 지날 수록 실력을 발휘하는 장기지구전형이다.

여성은 다소 간섭을 좋아하는 정도의 부지런한 남성과 궁합이 맞는다. 
양띠의 2월생 토끼띠의 정월생 남성이 이 타입니다.
남성은 성격이 비슷한 부부형이며 그다지 교제범위를 넓히지 않는 생활이 맞는다. 
범띠의 12월생, 돼지띠의 9월생 남성과 짝을 지우면 이러한 커플이 된다.","申","寅",49
"사월 원숭이띠의 성향 - 이 달 태생은 왕성한 향상심에 불타고 있는 사람이다.

돈을 번데다가 또 벌어서 쌓기 위해 분투를 계속한다. 
사람들이 반할만한 행동력이 있고 교제 범위도 넓지만  막상 마음을 열고 말을 할 수 있는 친구가 없을 것이다.
여러사람들에게 둘러싸여 있으면서도 고독한 그림자가 비치고 있다.

여성은 남을 돕는 것을 고생으로 여기지 않는 사람이며 상담 상대로서 뺄 수가 없는 존재이다.
아내로서도 재미있는 점이 있다.
자기로서는 열심히 집을 위해서 노력하고 있다고 생각하여도 헛탕이 될 때가 자주 있다. 
남편의 친척과 같은 지역에서 사는 사람은 특히 이 점에 주의하여야 할 것이다. 
작은 일이라도 남편과 의논하는 것이 좋을 것이다.

중년이 지나서 천식에 주의하기 바란다.
 
이와 같은 성격이므로 궁합도 힘들어 신중하게 선택하지 않으면 안 된다. 
여성은 가산보다도 아내의 바깥에서의 능력을 평가해 주는 토끼띠의 5월생, 돼지띠의 7월생 남성과 결합하면 행복한 가정을 만들 수가 있으며, 
남성은 교제를 잘 하고 어여쁜 여성이 맞는다. 
토끼띠의 2월생, 소띠의 3월생 중에 포함되어 있다.","申","巳",52
"오월 원숭이띠의 성향 - 머리가 좋은 것이 도리어 마이너스가 되고 있다.

한계나 단점을 먼저 보기 때문에 처음부터 노력할 것을 하지 않은 타입이다.
그러기 때문에 뛰어난 소질을 갖고 있으면서도 발전하기에 고민하는 것이다.
그러면서도 인정되지 않는 것을 불만으로 생각하니 스트레스가 항상 쌓여있는 것이다.

수면제나 정신 안정제를 사용하기 쉽지만 이것은 체질적으로 맞지 않으므로 테니스나 볼링 따위의 적당한 피로를 주는 스포트로 발산하는 것이 건강이나 정신면에서도 좋을 것이다.

친한 친구나 애인과 이별하는 운수를 갖고 있다. 
보잘 것 없는 조그만 일의 의견차이가 원인이 된다. 
그 때에는 크게 쇼크를 받지만 이 때를 참고 넘기면 인간적으로 크게 성장한다.
그 후에 생긴 친구는 일생 마음을 털어놓고 애기 할 수 있는 친구가 될 것이다. 
또 애인과의 3개월정도의 교제로서 결혼하게 된다.

카메라맨, 르포라이터, 프리 디자이너 등 감각적인 예민성을 살릴 수 있는 화려한 직업으로 성공할 기회가많다.
여성의 미를 표현하는 사진작가, 가요무대에 제일인자 같은 미를 나타내는 사람들에 이 달의 태생이 많다.

궁합을 보면 여성은 꾸준히 노력을 쌓고 있는 형의 샐러리맨으로 뱀띠의 9월생 남성이 좋고 남성은 청결한 느낌을 주는 말띠의 5월생, 토끼띠의 10월생 여성과 맞는다.","申","午",53
"칠월 원숭이띠의 성향 - 말도 능숙, 손도 능숙, 무엇이든 해보려는 정신이 넘쳐있다.

회사에서 현재의 일과 전혀 분야가 다른 곳에 전임발령을 받아도 도리어 이것을 좋아하며 즉시 익숙하게 되는 것이다.
법학과를 나오고 카메라맨이 되거나 샐러리맨을 청산하고 식당으로 전업해서 성공하는 사람이 많다.
작가, 탤런트, 정치가, 일러스트레터, 사회자, 배우, 마라톤 선수들 중 유명한 사람이 이 달 태생이 많은 것 같다.

성격이 음식을 좋아하므로 상당한 식도락가이다. 
살모사의 양념구이, 개구리, 지렁이 등 무엇이든 먹는 것이라면 모두 먹는다.

여성은 겉치레를 좋아하며 돈이나 실력이 없어도 핸섬하기만 하면 열을 올린다. 
그리고 이만하면 이라고 생각하면 자신이 적극적으로 프로포즈하고 상대가 점찍은 유력한 후보를 따돌려서 승리를 따낸다.

남성은 자기와 비슷한 환경에서 자라난 여성으로는 만족할 수가 없다.
직장결혼은 애당초 부정하고 있다. 외국인과 결혼하는 사람도 많다. 

이러한 결합을 살리는 궁합은 여성은 말띠의 3월생, 쥐띠의 2월생 남성이 좋다.
남성은 범띠의 8월생, 양띠의 8월생 여성과 맞는다.
","申","申",55
"구월 원숭이띠의 성향 - 모든 일에 대해서 상당히 긴장하는 성격이다.

시험이 시작하는 벨이 울리면 갑자기 화장실에 가고 싶어지는 것은 국민학교 시절부터의 버릇이다.
여성은 자꾸만 무릎이 걱정되어 다방에서 남성 앞에 앉으면 20초도 못되어 스커트자락을 잡아내린다. 
이 남자의 마음을 웃기는 순진성이 나중에까지 남게하는 사람이다.
또 자신의 유방이 몸 전체의 밸런스를 흐트릴 정도로 크지나 않을까 하고 남 몰래 고민하고 있는 사람이 많은 것 같다.

이 달 태생의 사람은 자신이 없는데서 오는 긴장감, 이것 때문에 실패하지나 않을까 하는 조바심의 악순환을 반복하고 있다. 그러나 자신을 잃고 있는 부분은 오히려 당신의 특징인 것이다. 
남이 어떻게 생각하건 말건, 실패를 겁내지 말고 적극적으로 이것을 밀고 나감으로써 당신의 운수는 밝게 열리게 되는 것이다.

궁합도 이 점에 중점을 두고 생각한다.
무엇이든 적극적으로 플러스의 방향으로 해석할 수 있는 상대가 좋은 것이다.
남성은 말띠의 12월생, 양띠의 10월생 여성이 좋다.
여성은 토끼띠의 5월생, 양띠의 8월생 남성과 궁합이 잘 맞는다.

여행 중에 집을 비우면 도난을 당할 우려가 있으니 부디 조심하기 바란다.
병은 관절의 고장에 주의하기 바란다.","申","戌",57
"십이월 원숭이띠의 성향 - 일에 집중하고 있을 때와 놀 때의 전환을 아주 잘 하는 사람이다.

중도에 흐지부지하거나 무위한 시간을 보내는 일은 절대로 하지를 않는다.
이것뿐만이 아니라 이 사람은 모든 것에 융화성이 있고 폭이 넓은 사람이다.
자기를 위해 한 것이 그대로 사람들에게 즐거움과 기쁜을 주게된다.
스포츠랜드나 영화 등 레저관계가 적성이며 일을 차차 크게 벌이게 된다.

남성은 태연히 여성을 칭창하는데 명인이다. 
이 때의 말투나 태도가 세련되어 있으므로 싫지가 않고 도리어 친밀하게 되는 계기가 된다. 
또 이 달 태생의 여성은 건강이 매우 좋으면 출산 후에 몸의 회복도 빠르고 즉시 평상으로 회복한다.
안전을 요하는 날짜 계산은 신중히 하기를 바란다.

여성은 남성이 도와줌으로써 한없이 성장을 할 가능성이 높다. 
이렇게 할 수 있는 것은 토끼띠의 12월생, 양띠의 12월생 남성이다. 
또 남성은 일을 내일로 미루지 않고 그때 그때 척척 처리할 수 있는 여성을 좋아한다.
말띠의 4월생, 돼지띠의 9월생인 사람이 궁합에 맞는다.","申","丑",60
"일월 닭띠의 성향 - 전해의 원숭이해의 영향을 아직 다분히 받고 있으므로 예리한 직관력이나 재치도 유연하고 부드러운 무드로 감싸여 있어 대단히 인상이 좋은 타입니다.

말하기를 좋아여 이것이 때로는 호언장담이 된다. 
따라서 말에 비해서 실행이 따르지 못한다. 
미국이나 구라파의 애기를 좋아해서 언제나 여행하고 싶어하는 사람이다.

큰 보자기를 펼치고 있는 뒤에는 단단히 자기 나름대로의 축재길을 생각하고 있어 절대로 생활에 곤란한 일은 없다.
이해 타산이 강하므로 외교관, 정치가로는 아주 적합하다. 

궁합을 보면 애정은 있어도 정에는 전혀 좌우되지 않는 타입이므로 상대를 택한다면 다소 오버된 감정을 할 수 있는 사람이 좋을 것이다.
당신이 남성이라면 말띠의 8월생 혹은 용띠의 7월생 여성을 택하는 것이다.
또 여성이라면 개띠의 5월생, 말띠의 12월생 남성이 좋을 것이다.

중년기 여행길에서 큰 부상을 당할 때가 있다. 특히 눈을 조심하기 바란다.
또 이 달 태생의 사람은 담배를 좋아하므로 니코틴 중독의 염려가 다분히 있다.
이 달 태생의 사람에는 시인이나 배우 또는 가수들이 많다.
","酉","寅",61
"삼월 닭띠의 성향 - 이상주의자이며 정의파이기도 하다.

내심에는 대단히 신경질성을 품고있는 사람이지만 표면에는 전혀 나타내지 않는다.
오히려 초대면의 사람이라도 안심시키는 소프트한 분위기를 갖고있다.
돈이나 물품에 대한 집착은 강하지만 능숙하게 모을 수 없는 사람이다.

직업은 관리로 나가는 것이 출세의 지름길일 것이다. 
상점의 주인도 좋겠지만 좋은 고용인을 얻을 수 없는 운수이므로 고생이 많을 것이다.
단, 당신이 장남이거나 장녀이면 성공한다.

첫사랑을 언제까지나 잊지 않고 있다. 
정은 깊고 온순하지만 약간 질투가 심한 점이 있다. 
또 상대가 언제나 단정한 복장을 하고 있으면 기분이 나쁜 사람이다.

궁합은 남자라면 몸가짐도 좋고 그다지 끈질기게 하지 않는 토끼띠의 9월생이 좋고 여성이면 용띠의 8월생 남성이 좋을 것이다.

남의 고난을 도우려고 하다가 도리어 자기가 다치거나 허리, 다리를 다치는 일이 있을지도 모른다.
또한 젊었을 적에는 결핵에 주의하기 바란다.

이 달 태생에는 작가, 배우들이 많다.
","酉","辰",63
"사월 닭띠의 성향 - 닭해에 태어난 사람에는 이상하게도 쾌활하고 태평한 점이 있는 것이다.

침착하고 서두리지 않는다는 타입이다.
남의 일을 잘 도우며 잘 보살펴주는 사람이다. 여하간 하루 세끼를 먹을 수 있는 것과 잠을 잘 수만 있다면 이것으로 만족한다고 생각하는 사람이다.

머리가 좋고 자제심도 있지만 금품의 낭비버릇만은 막을 길이 없다. 
그러나 낭비를 하지만 돈과 인연이 있어 이 달 태생의 사람으로 당대에 거대한 재산을 쌓은 사람도 적지가 않다.
직업은 일발승부적인 사업 가령 흥행에이전트, 주식중매인 혹은 영화배우, 가수 등이 좋다.

어릴 때부터 가정적인 애정을 타고난 사람이다. 
성인 된 후에는 이성에의 애정에 빠지기 쉽고 어린이를 귀여워하는 방법도 보통 사람 이상이다.
특히 당신이 여성이라면 33세쯤에 조심하기 바란다. 
남성과의 일로 문제가 생길지도 모른다.

궁합은 여성이라면 애정이 깊고 실생활에는 빈틈이 없는 양띠의 12월생 남성이 좋고, 남성은 뱀띠의 9월생 여성이 좋을 것이다.

건강면에서는 특히 머리칼에 주의하기 바란다. 
대머리가 되는 병에 뜻하지 않게 걸릴 수도 있다.","酉","午",65
"유월 닭띠의 성향 - 조그만 일에 울거나 화를 내는 민감한 사람이다.

생각해 내는 것, 아이디어의 신선성은 뛰어나며 계획을 세우는 것을 좋아하는 사람이지만 싫증이 잘 나므로 옥의 티가 된다. 
그러기 때문에 중요한 기회에서 남에게 운을 뺏기고마는 손해보는 사람이다.

남의 흉을 보는 것, 특히 비판을 하는 것을 좋아한다. 
그러면서도 좋거나 나쁘거나 자기의 말을 하게되면 상당히 신경을 쓰는 사람이다.

복장이나 머리 모양에 금시 유행을 따르며 이것이 또한 잘 어울리는 사람이다. 
그런데 신앙, 미신에는 극단적으로 약하고 부적이나 교통사고 예방딱지라든가를 꼭 몸에 지니고 다닌다.

직업은 영화, 연극의 프로듀서, 르포라이터 등을 택하면 성공할 것이다.
이 달 태생의 사람 중에는 춤, 노래, 연극에서 크게 활약하고 있는 사람이 많다.

애정면에서는 친형제의 애정을 듬뿍받아서 자라온 자라온만큼 약간 어리광스러운 점이 있다. 
한가족이 모여 단란한 행복을 누리는 것을 그다지 바라지 않는다.
그러면서도 혼자가 되면 쓸쓸해서 못 견딘다는 타입이다.

궁합은 여성이라면 뱀띠의 9월생, 쥐띠의 10월생 남성을 택하면 좋을 것이다.
또 남성은 토끼띠의 8월생 여성이 좋을 것이다. 
결혼을 했으면 경제가 허락하는 한도에서 어린애를 여럿 낳는 것이 좋을 것이다.
그 중에서 한사람만이 사회적인 성공인이 나올 것이다.","酉","未",66
"구월 닭띠의 성향 - 발상의 기발성, 대담성에서는 닭띠 주에서 가장 뛰어나다.

흉내를 내는 것을 대단히 싫어 하며 생각하는 방법은 물론 복장, 휴대품, 말하는 법, 얼굴의 표정에 이르기까지 개성있게 하려고 애쓴다. 
기성품의 셔츠를 사도 단추를 핸드메이드의 것으로 바꾸어 달거나 블라우스에 장식 포켓을 자수하는 등골몰에 골몰을 거듭하는 성미이다. 
어쩌다가 거리에서 자기와 같은 코트를 입고 있는 사람을 보게되면 그 밤은 속상해서 잠을 이루지 못한다.

뛰어난 재간을 충분히 살릴 수 있는 곳, 즉 연공서열제가 아니고 능력위주 발탁의 회사를 택하지 않으면 손해다.
가수인 보이 죠지도 그야말로 자력으로 이 세계를 헤쳐나간 사람이다.

이 달의 여성은 장식기가 없는 서민적인 인품이며 직장의 꽃으로서 누구에게나 사랑을 받는다.
또한 이 달의 사람은 일반적으로 이가 약한 경향이 있으므로 알사탕 등을 조심성 없이 깨물면 이를 상하게 할 때가 있으므로 주의하기 바란다.

남성은 배우자로서 도회지 출신의 섬세한 타입보다 시골 출신의 흙냄새가 남아있는 
건강하고 소박한 여성을 택하도록한다.
소띠의 4월생 말띠의 11월생 여성 중에 있다. 여성은 원숭이띠의 3월생 남성이 꼭 맞는다.

맑고 어여쁜 눈을 가진 사람이 많지만 중년 이후에 눈병에 주의하지 않으면 안된다.","酉","戌",69
"시월 닭띠의 성향 - 착실하고 온순해서 벌레도 죽이지 못한다. 그래도 내심은 상당히 의지가 강하고 남에게 지기를 싷어한다. 말하자면 외유내강 타입이라고나 할 것이다. 

착실하게 한발 한발 기반을 쌓아 어느새 연령에 알맞는 지위를 얻고 있는 사람이다. 
평상시 온순하고 눈에 띄지 않는 존재이지만 때로는 예상도 할 수 없는 큰 사건, 
이것도 이론으로는 해결해 나갈 수 없는 미스테리어스한 사건에 부딪힐 때가 있다.
예를 들면 국제적인 스파이 음모사건에 휘말려서 외국으로 끌려가거나 어느날 호적에서 자기 이름이 지워져 있거나 갑자기 기억을 상실해서 
그대로 행방불명이 되는 등 예측하지 않았던 사태가 발생해서 안락했던 생활의 페이스를 백팔십도 전화시키는 것이다.
이러한 사람에게는 친구, 지인, 친척 연고자가 적다는 것도 어딘가 신비스럽다.

여성은 누구에게서나 사랑을 받고 소중하게 여겨지는 테도 불구하고 사소한 상대의 결점을 지나치게 끄집어내 자신의 손으로 사랑과 안전을 허무한 것으로 만드는 일이 많은 것 같다.

신문, 주간지의 신상상담을 항상 내는 무리 중에는 이 달 여성이 많은 것 같다.
그 불행을 한결같이 호소하는 편지는 베테랑 담당자에게 자기도 모르게 눈물을 머금게 할 정도로 훌륭하다. 

당신의 성격적인 단점은 궁합이 좋은 남성과 만나는 것으로 해결될 것이다.
남성은 용띠의 7월생 여성이 좋다. 여성은 뱀띠의 11월생 남성이 이상적이다.","酉","亥",70
"이월 개띠의 성향 - 목적을 크게 잡고 이것을 향해서 도전해가는 사람이다.

성격은 외향적, 낙천적인 명랑성으로 사람들에게 사랑을 받는다.
또한 감각적인 예리한 판단을 한다는 것이 큰 무기이지만 낙천적인 어린이 기질과 결합될 때에는 오히려 마이너스가 된다. 
첫대면의 사람과 돈에 얽힌 교섭을 할 때에는 여유를 둔 조사가 필요하다.
또 계산을 하지않은 충동적인 행동은 에너지가 공전해서 생각한 절반의 결과도 얻지 못한다.

운수는 물결의 진폭이 넓은 쪽이다. 
기분이 내키지 않을 때, 작은 실패가 거듭될 때는 행동을 삼가한다. 
신중성만 있으면 톱까지는 가지 못한다 해도 그 바로 근처까지는 갈수 가 있다.

헤어스타일에 까다로운 사람이다. 
남성은 2주일에 한번은 이발소에 가며 자기자신도 헤어드러이어나 화장품 등 일단은 갖추고 있다. 
여성도 1주일에 한번은 세트, 1개월에 한번은 컷트를 빠트리지 않는다.

궁합을 보면 여성은 따뜻한 가정을 만들 수가 있다. 
범띠의 5월생, 소띠의 6월생 남성과 궁합이 맞는다. 
남성은 남편의 호조에 날뛰지 않고 잘못에 좌절하지 않는 여성이 필요하다.
말띠의 2월생, 양띠의 12월생 여성과 좋은 궁합을 이룰 수 있다.

이 달 태생의 사람에는 문화훈장을 받을만한 작가나 화가, 영화감독 등 종횡무진으로 활약하고 있는 사람이 많다.","戌","卯",74
"삼월 개띠의 성향 - 이상은 이상, 현실은 현실로 결론을 내는 적응성을 갖고 있다.

A당을 지지하면서 B당의 가능성이 높으면 B당의 선거응원을 하고도 모순을 느끼지 않는다.
이 적응성과 감각의 섬세성 양쪽을 살리면 디자인 관계, 서비스업에서 크게 성공을 한다. 
특히 서비스업은 남이 기뻐하는 것을 자기 기쁨이라고 여기는 성질이 플라스된다.
문화, 예술 면으로 진출해도 업적을 올릴 수 있다.

여성은 향수를 자주 바꾼다. 기분을 상하게 하는 일을 당하면 기분을 전환시키기 위해 향수를 바꾸지만 말많은 사람으로부터는 자주 남자를 바꾸는 여성이라는 오해에 찬 소문 내게하는 원인이 된다.
그러나 이 비판은 모두가 전부 틀렸다고는 할 수가 없다. 

이 달 태생의 여성이 마음 속 깊이 가지고 있는 적응성의 일단을 지적하고 있다. 
어떠한 타입의 남성과 교제를 하여도 개개인으로부터 각각 다른 행복을 얻을 수가 있을 것이다. 
남성은 부모로부터 받은 재산으로 몸을 망칠 위험이 있다.

고속도로 건설로 큰 액수의 보상금을 받았기 때문에 직장을 그만두고 갬블에 미쳐서 원금마저 없앤다는 위험이 없다고 할 수는 없는 것이다.

여성의 궁합은 행동력이 있는 쥐띠의 8월생, 양띠의 10월 남성과 맞는다.
남성은 남편이 세운 방침을 자기 나름대로 연구해서 발전시켜 가정을 다스릴 수 있는 토끼띠의 10월생, 돼지띠의 정월생 여성이 맞는다.
","戌","辰",75
"유월 개띠의 성향 - 선배나 상사가 끌어올려주는 타고난 환경에 있다. 

그러기 때문에 너무 순조로울 정도로 좋은 스타트를 끊게 되지만 이것을 몽땅 자기의 힘만의 탓이라고 지나치게 믿는 점이 있다. 
담력도 있고 영리하며 좋은 소질을 갖고 있으므로 닦으면 더욱 더 빛을 낼 여지가 있다.
배우, 가수들이 이 달의 태생이 많다.

여행을 즐기며 화려한 것을 좋아하므로 지출이 많은 사람이지만 남에게 돈을 빌리는 것을 싫어한다. 
저금을 하기는 하지만 1주일도 못참고 꺼내므로 잔금은 불과 몇천원대로 그치게 된다.
친구는 많이 사귀지만 얕은 교제로 된다. 
꼭 필요할 때에 의뢰할 수 있는 친구를 빨리 만들어야 할 것이다.

궁합은 여성이면 남편 품속에서 따뜻하게 지내고 싶은 마음이므로 소띠의 정월생, 개띠의 5월생 남성과 맞는다. 
또 남성은 유복한 가정의 아가씨와 결혼 할 운수이다.
결혼함에 따라 가업에 종사하도록 신부 측에서 요구가 있겠지만 체면에 구애받지 말고 자기의 취미에 맞는 사업이면 승낙하는 것이 좋을 것이다.
금속에 관계되는 직종이나 소매업은 성미에 맞는 것이다.

남성은 캐묻기를 좋아하는 여성은 피하고 좋은 환경 속에서 자란 인간 그대로의 인품을 이어받은 범띠의 7월생, 용띠의 정월생 여성이면 궁합이 맞는다.","戌","未",78
"칠월 개띠의 성향 - 이 달 태생의 여성은 사랑스럽고 하는 일에도 소흘함이 없으므로 어디에 가나 사랑을 받는다.

단 지나치게 개방적인 성격 때문에 비밀을 지키는 것이 힘든것 같은 느낌이 든다.
친구에게 자기 남편의 출신학교부터 음식물에 대한 기호까지 모조리 말하는 아내는 이 달 출생의 사람이 많은 것 같다.
또 외국으로 여행을 떠나게 된다면 이 사람 저 사람 할 것 없이 선물을 돌려서 그 사실을 알리게 하려고 애쓴다.

남성도 악의가 없는 쾌활한 성격이다. 
이 달 태생의얼굴은 그 용모로부터 보기에 사기가 없는 개띠다운 얼굴을 하고 있다. 
사장이나 만담가, 여배우들이 많다.

이 달의 사람은 감정이 많고 화려한 애정관계를 펼친다.
그러나 싫증나기가 쉽고 오래 계속하도록 노력을 하지 않으므로 늦은 혼인이 될 것이다.

궁합은 남성이면 용띠의 3월생 여성이 좋다.
여성은 범띠의 3월생 남성과 아주 좋다.

어릴 때부터 피부병으로 고생하는 사람이 많은 것 같다.","戌","申",79
"구월 개띠의 성향 - 자기의 생활은 자기 멋대로의 생활이지만 직업 면에서는 연구, 은행원, 주식관계 등 정직성을 요구하는 일에서 성공하는 사람이다.

사람을 좋아하고 싫어하는 차이가 심하며 이것이 그대로 표정에 나타나 버린다. 
회합의 흥미를 깨트리는 일이 많이 생긴다.
감정을 억제하거나 말을 생각해서 말하지 않으므로 아무 생각없이 주고 받는 동안에 친구를 잃을 때가 많은것 같다.

술은 많이 마실 수는 없으나 쾌활한 술이다. 
평소의 말이 심하던 것이 전혀 모습을 감추고 술을 마시는 사람 모두가 모두 나의친구이며 모임의 중심으로 떠오르게 된다.

기억력이 너무나도 뛰어나다. 1년에 한번 걸까 말까하는 전화번호를 기억하고 있거나 영어 소사전을 최초에서 최후까지 그대로 암기해 보이는 것이 특기이다.

궁합을 보면 남성은 꾸준히 일을 하는 범띠의 10월생 뱀띠의 7월생 여성이 맞는다. 
여성은 말띠의 12월생 양띠의 9월생 여성과 궁합이 맞는다. 
서로가 입으로는 큰소리를 내면서도 상대의 생각을 존중하고 구애받지 않는 가정을 이루게된다.
또 상대가 마음이 내키지 않는데도 자기만의 기분으로 강제로 한다는 일은 절대로 없을 것이다.

이 달 태생에는 프랑스의 여배우인 브리지트 바르도가 있고 이 밖에 유명한 의학박사나 재치있는 사회자들이 있다.
","戌","戌",81
"십이월 개띠의 성향 - 이 달 태생의 여성은 차분한 감정을 갖고있는 사람이다.

이 사람을 위해서는 무엇이든 해주고 깊어지는 유혹의 분위기를 갖고있다. 
정직한 성격을 갖고 있고 생각한 일은 강렬히 추구하는 과단성을 갖고있다.
이러한 성격에서 결정한 상대와 과격한 연애를 하는 케이스가 많다.

남성은 신경이 세밀하여 특히 자기를 세상 사람들이 어떻게 생각하고 있는가를 마음에 두고 자존심을 상하게 하는 일에는 못 견디는 성격이다.
지기 싫어하며 끝까지 남과 경쟁한다. 원래는 착한 사람인데 당신의 아픔을 잘 이해하여 주는 사람과 이해해주지 못하는 사람으로 극단적으로 나누어진다.

여성은 품에 싸주는 것 같은 마음속이 깊은 남성과 따뜻한 가정을 꾸미게 된다. 
경제적인 조건이나 가정환경을 위해서 반대가 많은 결합이지만 자신을 잃지않고 처음의 뜻을 관철하는 것이다. 

쥐띠의 정월생, 말띠의 3월생 남성과 궁합이 맞는 것 같다.
남성이면 말띠의 8월생 여성과 맞는다. 
이 여성이라면 흥분하기 쉽고 상하기 쉬운 마음을 조용히 달래줄 수 있는 평온한 가정을 만들 수가 있을 것이다.

이 달 태생에는 학자도 많고 배우도 많은 것 같다.
","戌","丑",84
"삼월 쥐띠의 성향 - 표면은 적극적인 행동파이지만 내면은 회의적, 사색적이며 복잡한 인간이라는 인상을 주는 사람이다.

그러므로 집단 속에서 일을 하면 사람에게 오해를 받을 때가 때때로 있다. 
자기 독자의 세계에서 충실한 인생을 보내는 것이 성미에 맞는다.

이 달의 사람은 사람에게 부탁을 받으면 거절하지 못하는 성격이며 친구도 많이 생긴다. 
단 조심하여야 할것은 좋은 운수를 상당히 친한 친구때문에 파괴할 염려가 있다는 점이다.
예를 들면 사랑하는 애인을 친구에게 소개하였기 때문에 그 친구에게 뺏기게 되는 사람이다.

또 이 달 태생의 쥐띠인 사람에 한해서 경제면에서 좀 파란 일이 일어날 것이다.
섬세한 신경과 행동성을 발휘할 수 있는 분야의 직업, 자동차 레이서, 화구상, 패션 컨설턴트 등에 맞는다. 
미국의 세계적인 레이서 짐 클라크는 이 달 태생이다.

애정면에서는 남성의 경우 자신이 약하다고 생각하는 사람이 많은 것 같다.

궁합은 여성이면 양친이 생존한 장남 이외의 남성으로 뱀띠의 3월생, 개띠의 8월생이 좋을 것이다.
남성은 말띠의 5월생, 뱀띠의 9월생 여성과 맞는다. 
또한 결혼 할 때는 건강진단서, 특히 성병의 검사결과를 교환할 필요가 있다.","子","辰",99
"유월 쥐띠의 성향 - 민첩한 행동을 보이는 밝고 친절한 성격의 사람이다.

항상 화려한 행동으로 주위에는 웃음의 물결리 감돌게 된다. 
그룹속에서도 언제나 주목을 받고 싶은 것이다. 
때문에 때로는 실력이상으로 자기를 나타내려는 점이 보인다.
기성복 점에서 산 드레스에 ""Made in Paris""의 상표를 붙이거나 재상을 자랑했기 때문에 애써 성립된 결혼의 찬스를 잃게 되는 일도 생긴다.

회사에서는 직송상사와 충돌이 많고 그 때마다 전직할까 하고 생각하는 사람이지만 30세 전의 전직은 피하여야 한다.
직업은 여행을 즐기는 점을 살려서 여행안내업, 가이드사 성격적으로도 맞는다. 
일반회사면 화학회사의 공장관계, 운수회사 등이 맞는다.

애정면에서는 남녀가 정신적인 만족으로 좋아하는 타입이다.
또 애인이나 결혼상대는 자기와 전혀 다른 성격의 사람을 택하는 경향이 강하다.

궁합은 남성은 약간 행동이 신중한 소박한 성격의 여성을 택하는 것이 좋을 것이다. 
그 의미에서 원숭이띠의 2월생의 사람과 맞는다.
또 여성도 자기보다 착실한 인생관을 가진 남성과 맺어지는 것이 행복에의 길일 것이다.
범띠의 2월생의 남성이 좋다.","子","未",102
"구월 쥐띠의 성향 - 마음과 몸 모두 충실한 사람이다

사람 마음의 움직임에도, 미적인 것에도 예민한 감각을 갖고 있다. 
자기에게 완전한 것을 구하려는 향상심이 대단히 왕성하고 엄하지만 타인에게는 관대하다.
기억력도 뛰어나고 고지식하며 정리능력이 대단하다. 
그러나 안전을 구하는 나머지 행동력이 둔해지는 일이 있다.
또 사람의 감정을 알면서도 구태어 이것에 반항하는 말투로 반감을 살 때도 간혹 있다.
특히 여성에 대해서는 주의하는 것이 좋을 것이다. 
재물을 불리는 재능이 있어 맨손으로 출발하여도 결혼 5년 후에는 자력으로 집을 마련할 수도 있을 것이다.

직업은 정리능력을 살려서 능률향상 컨설턴트, 프로그래머 등에 재능이 있다.
특히 여성의 특징이지만 애인에게 자기쪽에거 전화를 거는 것을 상당히 망설이는 사람을 많이 볼 수가 있다.

애정면에서는 남녀 모두 상대의 결점을 지적해서 정신적으로는 서로 이해하기 힘드나 생활감정은 아주 잘 맞는 결혼이 많은 것 같다.
특히 여성의 경우 남편을 만족시키는 일이라면 어떠한 일이라도 한다는 성실성이 있다.

남성은 양띠의 8월생, 여성은 범띠의 10월생인 상대라면 정신적으로도 통할 수 있는 궁합이다.","子","戌",105
"일월 소띠의 성향 - 소의 집중력과 끈기에다가 전년의 쥐띠의 영향으로 [변신의 빠르기]를 가진 사람이다.

예술적인 창조력에 은혜를 받아 인생이라는 캔버스를 자유자재로 필해서 개성적인 그림으로 만들어 낸다.
강력한 자기의식의 소유자이며 사상이나 복장에서부터 먹는 것에서도 자기의 개성에 맞지 않는 것은 일체 받아들이지 않는다.

패션계의 여류인사나 만화가, 영화감독 같은 사람들의 강한 자기의식이나 머리전환의 선명한 점이든가 그야말로 이 달 태생의 전형적인 사람이다고 할 수가 있다.
또 결백한 사람이 많은 것도 이 달 태생의 특징이며 밥 속에 머리카락이라도 보면 큰일 난다. 
밥상을 엎어버리는 일도 있게 된다.

남성은 타고난 귀족적인 용모와 뛰어난 심리조종으로 여성의 마음을 사로 잡는다. 
애정표현의 기술은 일품이다. 
결혼에 구애받지 않으면 사귀어서 즐거운 상대지만 진실한 애정은 그다지 기대할 수가 없다.
여성은 속에서 우러나오는 듯한 매력에 가득 차 있다.

애정표형은 대담하다. 
궁합은 남성이면 개띠에 태어난 여성이 맞다.
여성이면 용띠의 9월생의 남성이 좋을 것이다.","丑","寅",109
"사월 소띠의 성향 -두뇌가 명석하고 의지가 굳으며 한가지 일을 해내는 집중력에는 모두 놀란다.

권력이나 명예에 대한 집착이 딴 사람의 배이상 강하고 이것들을 얻기 위해서는 어떠한 가혹한 경쟁이라도 마다하지 않는다.
그리고 근육질이며 일부분의 약한 점도 없는 체질이 그야말로 강철을 상상케 한다. 
일상생활에서도 일에는 헛됨을 싫어하며 무엇이든 합리적으로 타개해 나가려고 한다.
따라서 이렇다 할 취미도 없는 사람이 많지만 남성은 기계 다루거나 미니카의 수집에 열중하는 타입이다.
또 여성은 머리가 좋고 이지적이며 정리를 좋아하고 가정에서 청결감을 넘치게 하는 사람이다. 
또 유행에도 대단히 민감하다.

직업은 남성이면 관리, 정치가 등 남성적인 스케일이 큰 것에 동경심을 갖고 있다. 
또 스포츠맨, 레이서 등도 가장 적합한 직업이다. 
여성의 경우도 잔일보다 오히려 남성의 직장에 진출해서 성공할 것이다.

이 달의 남녀는 서로가 닮은 사람끼리 결혼하는 경향이 있다.
남성이면 성격이 강한 독립형의 여성과 인연이 있을 것이다. 
너무 성격이 다른 타입과는 잘 되지가 않는다.

여성은 가문이 좋은 남성과 인연이 있다. 
남성에겐 토끼띠의 4월생 여성이 좋다.
여성에겐 닭띠의 9월생, 용띠의 4월생 남성이 이상적이다.","丑","巳",112
"칠월 소띠의 성향 - 표면은 온순하고 이지적이지만 실제로는 보통사람 이상으로 강한 주체성의 소유자이다.

그 만큼 이성의 컨트롤을 잃으면 사람들로부터 고집쟁이라는 인상을 받게 되기 쉽다. 
이 달의 사람은 자기의 불안정도를 알고 있다. 
그러므로 때때로 자기혐오에 빠지거나 집안 식구에게 세게 대하는 것이다. 
어릴적에 집안에서만의 호랑이라고 놀림을 받았을 것이다.
그러나 창조적인 능력 특히 예술적인 센스가 뛰어나다. 
자아와 이성의 조화가 잡히게 되는 중년이후에는 이 달의 사람에게 있어서 풍부한 재능이 꽃 피우게 되고 최상의 시대가 될 것이다.
훌륭한 음악가나 배우가 이 달의 태생이다.

직업은 작가, 화가, 음악가. 아트, 디렉터 등이지만 사회사업 관계로 나가도 성공한다.

남녀가 타인에게는 예절바르게 하지만 가정에서는 상당히 제멋대로 노는 경향이 있다. 
안심하고 마음을 맡길 수 있는 생각이 깊은 배우자를 택하지 않으면 안 된다. 
남성은 재능이 있는 타입의 여성보다 오히려 애교가 넘치는 여성을 택하여야 한다.

남성에겐 양띠의 6월 태생 여성이 최고다. 
여성이면 닭띠의12월생 남성이 좋을 것이다.

남녀 모두 신경과민의 경향이 있으므로 신경성 위병, 눈동자 피로 등에 주의하여야 한다.","丑","申",115
"시월 소띠의 성향 - 소띠 태생인 사람은 마음이 호방하고 활발하여 작은일에 구애받지 않는다.

자신가로서 야망도 대단하고, 일단 무슨 일이 생기면 물불 가리지 않고 해내는 사람이다. 
양친과는 일찍 사별하고 외톨박이가 된다.
그리고 타행살이로 열심히 노력하는 면이 있으나 너무나 일에 열중하면 혼기를 놓치는 위험이 있다.
남녀 다함께 결혼상대는 첫째 인상으로 결정된다. 
애정면은 깨끗하다.

옷과 음식을 가리지 않으며 주위의 상황에는 무관심하고 부모의 사랑과 원만한 대인관계를 가짐으로써 비로서 성공한다.
세상사에서 의리만은 잃지 않는다. 
특히 약속은 신경을 써야 한다.

좋은 배우자는 남성이면 원숭이 6월생 여성이 적격이다.
용띠의 9월생 여성과 결합되면 가정불화의 씨가 된다. 

여성은 개띠의 4월생 남성과 적격이다.
그리고 이 달 태생의 여성을 애인으로 갖는 남성은 3일에 한번은 데이트를 하는 것이 좋다.
너무 무관심하면 애인을 잃는다.

","丑","亥",118
"일월 범띠의 성향 - 그다지 눈에 띄지 않는 범이다.

범해의 밝은 성격도 약간 나오지만 아직 전해인 소해의 영향이 강하기 때문이다. 
따라서 사람과의 교제에도 조화를 존중하고 화려한 행동은 하지 않는다.
그러나 정직한 대신에 융통성이 적고 자기의 생각은 다은사람에게도 금방 통할 것이라 믿고 있는 독선성이 있고 오해를 받을 때가 있다.

착실하게 승진한는 일을 하면 정직한 인격이 살아서 점차 승진하는 형이지만 파도가 센 세계에 들어가면 그 장점이 없어져서 성공길이 막히게 된다.

화제가 빈약한 사람이다. 
술집에 가서도 호스테스와 마주않으면 [어디 사는가?] 에서 시작해서 호구 조사원 같은 회화를 하는 사람이 않은것 같다.
이 때 표현상에 난점이 있는 것이므로 회화의 연습을 잘 해야한다.

애정의 표현도 그다지능숙하지 못하고 자기의 호의를 상대에게 전달할 수가 없다. 
중매결혼이 많지만 화려함을 좋아하지 않는 비슷한 부부가 이상적이다.
이 때는 결혼 후도 서로의 마음을 충분히 나눌 수 있는 것이 중요하다.

여성은 토끼띠의 9월생, 양띠의 3월생 남성이 좋다.
남성은 용띠의 9월생, 돼지띠의 8월생 여성이 궁합이 맞는다.","寅","寅",121
"사월 범띠의 성향 - 범의 쾌활성, 독립성에 노력을 더한 성격이다.

30세가 지나면 작으나마 지도층으로 올라서서 상관이 되려는 희망을 강하게 가진다. 
원래 행동성이 있는데다 조사, 추리가 특기이므로 하는 일에 헛됨이 없고 위험성이 없다. 
젊었을 때는 검소하지만 장래의 발전이 클 사람이다. 
한 기업에서 독립하여 성공한 사람 중에는 4월의 범띠가 많다고 한다.

언제나 배가 고픈 사람이며 친한 사람을 만나면 [식사하러 갑시다] 하고 끄는 성질이다.
타인이 자기에게 권했을 때도 [지금 막 식사를 했습니다] 하고 거절하는 의리없는 일은 절대로 하지 않는다. 
레스토랑의 힘겨운 계단도 거절하지 않는 성미이다. 
또 주머니속에 영수증이 많은 것도 특색이다. 
3개월전에 본 영화의 관람권, 유원지 입장권, 맞지 않는 복권 등 어린이의 장난감 상자와도 같다.

치밀성을 요구하는 직업엔 도저히 근무할 수가 없는 것 같다.
완전히 가정과 사업을 구분해서 생각하는 것이 이달 태생의 남자이다. 
자질구레한 것은 자신이 판단하고 남편에게 걱정을 끼치지 않는 아내가 최고이다. 
뱀띠의 2월생, 원숭이띠의 10월생 여성은 이러한 사람이다.

여성은 몸집이 큰 사람이 많고 자기보다 키가 큰 남성을 요구한다. 
개띠의 6월생, 닭띠의 정월생 남성과 궁합이 맞는다.","寅","巳",124
"칠월 범띠의 성향 - 범의 행동적인 성격에 계획성이 가해져서 처세술이 훌륭하다.

장애물 경기라면 두번째 자리를 계속 뛰다가 최후에 망을 빠져나깔 때에 선두의 주자가 망을 들어올리는 것을 이용해서 잽싸게 선두로 뛰어나와 그대로 골에 들어온다.
또 기분전환이 빠르므로 어떠한 일에도 지치지 않는다.
낮잠의 명수이며 버스 속에서 서 있어도 머리속은 잠자고 있는 사람이다.

40세가 지나서 부하의 잘못으로 사회적인 곤경에 빠지지만 평상시의 의리가 깊었던 덕택으로 생각지 않았던 사람에게 도움을 받아 궁지에서 탈출하게 된다.

여성은 가정을 지키는 반면에 사회사업에 참가하는 등 광범위한 행동반경을 갖고 있다.
남성 여성 모두 성격, 생각이 다른 상대와 결혼하나 서로가 자기가 갖고 있지 않은 것을 상대가 갖고 있다는 것에 반하게 되므로  폭넓은 활달한 가정을 만들게 된다. 
아이 키우는 법도 일찍 자주독립성을 키워서 강한 의지를 가진 어린이로 키운다.

궁합은 여성은 소띠의 12월생, 개띠의 6월생 남성이 좋다.
남성은 소띠의 5월생, 범띠의 11월생 여성과 맞는다.

10월의 결혼은 특히나 좋게 된다.","寅","申",127
"팔월 범띠의 성향 - 표면적으로는 교제를 잘 하는 신사, 숙녀이다.

그러나 본성은 아무에게도 의뢰하지 않고 자기 동료로도 삼지 않는 성격의 양면성이 있다.
직관력이 뛰어나나 그것만으로는 행동에 옮기지 않고 눈으로 보고 귀로 듣고 손으로 만져보지 않으면 
승낙하지 않는 체험파이다.

여성은 마음이 좁은 축인것 같으며 자기 자식은 한 없이 귀여워하면서 다른 사람의 자식에겐 그렇지가 않다는 점이 있다.

초혼에서는 잘 살지 못하게 됐다하더라도 재혼에서 행복하게 되는 운수이다.

이 달 태생의 사람 중에는 모던재즈를 울리면서 사랑을 고백하는것에 최고의 흥분을 느끼는 사람을 흔히 볼 수가 있다.

샐러리맨 가정에서 자라난 여성이 상인 집에 시집가는 등 결혼으로써 환경을 아주 바꾸는 여성이 많은 것 같다.
토끼띠의 12월생, 원숭이띠의 6월생 남성과 궁합이 맞는다.

남성은 가정내에서도 자기 일은 자기가 처리하는 정확성이 있어 가족에게도 이것을 요구한다.
아내감으로는 주책이 없는 것이 아니라 좀 태평스러운 사람을 택하는 것이 잘 밸런스가 잡힌 가정을 만들 수가 있을 것이다.
그러므로 소띠의 2월생, 돼지띠의 5월생 여성과 궁합이 맞는다.","寅","酉",128
"십이월 범띠의 성향 - 자기 실력에 강한 자신감을 갖고 있다.

높은 지위나 명예를 바라며 이것이 손에 들어올 수 있다는 확신에 차 있다.
또 손에 넣기 위해서 모든 희생을 다하여 전력을 기울이는 사람이다.
그러나 그 전력투자가 도를 넘으면 굶주린 범이 먹이 구하는 것처럼 탐욕이 되어 적을 많이 갖게 되기도 쉬운 것이다.

반면 담백하고 남을 잘 칭찬하는 사람이기도 하다. 
복장이나 휴대품이라도 그 사람이 고심한 것을 재빨리 알아내고 거리낌 없이 칭찬하는 것이다. 
[역시 이 사람은 나에게 관심을 갖고 있었구나] 하고 생각하게 하고 설득의 무드로 이끄는 재능은 저항을 용서치 않는다.

여성도 역시 상대에게 자신감을 갖게 하는 일에 능숙하다. 
남성에게 실력 이상의 힘을 발휘시킬 수가 있다. 
일에 대한 욕구도 강하고 어린애가 생겨도 사람에게 맡기고 일을 계속하고 싶어한다.
사업이나 장사를 한다면 주인의 팔이 되고 또 남편의 그늘에 있어도 실질적으로 주도권을 잡고 일을 해낸다. 
토끼띠의 2월생, 양띠의 3월생 남성과 궁합이 맞는다. 

남성은 약간 가족에 대한 태도가 나쁜 점이 있다. 
쥐띠의 3월생, 원숭이띠의 1월생의 여성과는 궁합이 잘 맞는다.
","寅","丑",132
"사월 토끼띠의 성향 - 일을 솜씨있게 처리해 나가는 한편 이것이 잘 되었는가 하고 생각하며 망설이는 것이 이 달의 사람이다.

이것은 이상가 타입인 사람에게 특유한 우물거리는 성질이다.
이상을 쫓는 것도 좋지만 이것 때문에 모처럼의 행동력을 상실하게 되어서는 아무것도 되지가 않는다. 
눈에 보이는 찬스를 잃는 일도 적지가 않다.
또 고독을 몹시 좋아하며 타인에게 간섭을 받는 것을 싫어한다.
그래픽 디자이너들이 이 4월 태생이다.

이 달의 사람은 이상가 타입인 성격을 살리는 일을 택하고 그 속에서 자기를 높이는 것을 생각하는 것이 좋을 것이다.
공업디자이너, 특히 자동차 디자이너 등이 가장 적합하며 회사에 묶이는 것보다 자유로 활약하는 것이 성미에 맞는다.

천생연분인 자 이것을 놓치지 않는다 라는 말이 있다.
서로의 미점을 알아내도록 노력할 것.

궁합은 남성의 경우 이상이 높고 프라이드도 있는 타입이므로 아내로서는 약간 양보심이 있고 그러면서도 마음속은 의지가 굳은 사람이 좋다.
남성측에서 말한다면 개띠의 정월태생의 여성이 좋다.
여성이면 소띠의 4월생 남자가 좋을 것이다.","卯","巳",136
"팔월 토끼띠의 성향 - 이 달의 사람에게는 토끼띠의 특유한 소심성이 그다지 없다.

오히려 뱃심의 세기와 파이터적인 행동성이 두드러진다. 
그 대담성이 때로는 무계획, 무작정이라는 것을 생기게 할 수도 있으므로 중요한 일에는 특히 신중을 기할 필요가 있다.

억지가 강한 것도 특징이다. 예를 들면 이 사람에게 모래로 성을 쌓게 하면 성격이 정확히 나타난다. 
누구보다도 크게 짓고 장식이 많은 것을 만들지 않으면 마음이 편치가 않는다.
이 결과 해가 지고 별이 반짝이기 시작하는 것도 모를 정도이다.

이와같이 지기 싫어하는 억지성은 보다 좋은 것을 만들어 내려는 의욕으로도 이어지나 너무 지나치지 않도록 하기를 바란다.

또 도회적인 생활, 화려한 무드를 즐긴다.

이 달의 여성은 사회성이 풍부하고 파티를 대단히 즐긴다.
특히 [파티에 가지 않겠는가?] 하고 꾀면 비오는 밤이라도, 눈이 쌓인 아침이라도 따라오는 것은 틀림이 없다.

궁합은 남성이라면 소띠의 5월생 여성이 좋다.
여성은 쥐띠의 12월생 남성이 좋을 것이다.","卯","酉",140
"십일월 토끼띠의 성향 - 이 달의 사람은 대단히 조심성이 있고 소극적이며 내성적인 성격이다.

이것은 겸손하고 양보적인 미덕으로서 찬양받을 때도 많지만 사회생활속에서 손해를 볼 때도 적지 않다.
그러므로 조금이라도 의문이 되면 주저하지 말고 질문하고 자기의 의견을 꺼림없이 말해 보는 것이다.

윗사람, 선배에 대한 선후배의 순서를 잘 분간해서 의리가 깊어 사람에게서 신뢰를 얻는 사람이다.

여성은 내성적이면서도 스포츠를 좋아하며 특히 체조나 허들등 혼자서 할 수 있는 종목에 두각을 나타낸다. 
또 취침전에 간편한 복장이 되어 팔다리 굽히거나 몸 굽히기 운동 등을 해서 뺨에 열기를 내는 것도 이 달의 사람이다.
이와같이 평상시의 훈련덕분으로 몸의 유연성은 토끼띠 중에서도 최고일 것이다.

직업의 선택은 힘들며, 팀워크보다는 고독한 세계에서 살수 있게 하는 것이 좋을 것이다. 
바이얼리스트나 영화감독, 가수 등이 이 달 태생으로서 성공한 케이스이다.

궁합은 여성의 경우 화려하고 외향적인 남성과 결합한다면 온순성과 내성기가 도리어 아름답게 보여서 이득이 된다.
뱀띠의 4월생 남성이 좋을 것이다. 
남성이면 개띠의 8월생 여성이 좋다.","卯","子",143
"십이월 토끼띠의 성향 - 이 달의 사람은 같은 토끼띠 중에서도 완전한 토끼의 특성을 갖고 있다.

생각이 단순한 면이 있어 주위 사람이 순수하게 신뢰하기 힘든 사람이다.

확실한 목적추구형인만큼 인간관계를 싫어하며 피도 눈물도 없는 사람이라고 흔히 말하고 있다.
그러나 애인이나 가족, 친척 앞에서는 쾌활해져서 온화한 표정을 보인다.

이 달의 여성은 묘한 장남이나 심술을 부린다.
동료의 남성이 코를 후비고 있으면 이것을 열심히 보고 있거나 공원에서 남녀가 포옹하고 있는 아베크족 옆에 서서 발성의 연습을 하는 등이다.

애인과 같이 있을 때에도 이 버릇을 고쳐지지 않아 등에다가 ""For SALE"" 의 쪽지를 붙이고 웃고 있다.

궁합은 남성의 경우 외견은 깨끗하며 화려한 사람을 상대로 고르는 경향이 있다.
닭띠의 3월생, 개띠의 정월생 여성이 좋을 것이다.
또 여성은 범띠의 10월생 남성이라면 잘 리드해 줄 것이라 생각된다.","卯","丑",144
"일월 돼지띠의 성향 - 거의 전해의 개띠의 성격이 나와있고 한결같이 기질이 매력이기도 하고 결점이기도 하다.

돼지띠답게 금전이나 계산에 예민한 점은 없다. 계산은 빼 놓고 일 하나에 열중하는 사람이다. 
이 달의 태생에는 배우가 많은 것 같으며 이 사람들은 그 길 하나만을 걸어가는 성격이다. 
여성도 남성만큼의 일을 하는 직업을 택할 때가 많으며 아나운서, 레코드 디렉터, 가정재판소 조사관, 카메라 맨 등으로 성공한다.
단 이 성공은 한발에 맞히는 것이 아니라 축적한 것이 꽃을 피우는 형태이므로 임시로 직업을 택해서는 성공할 수가 없다. 
여성들도 결혼후에 계속할 각오로 시작한다. 

결혼도 이 점을 전제로 생각하며 검소한 성격이며 남에게 요구하는 일이 적은 남성을 택하여야 한다.
토끼띠의 5월생 개띠의 3월생 남성은 서로 스칠 때에도 이해가 있고 가정을 지켜준다.

남성측으로는 그다지 자기 주장을 하지 않고 그러면서도 한 길밖에 모르는 
남편의 한계를 넓혀주는 뱀띠의 2월생 개띠의 4월생 여성이 바람직한 상대이다.

이 달 태생의 여성은 10대에 사랑의 도장이 찍힌다.
심신 모두 성숙이 빠르고 하루라도 빨리 어른이 되고 깊은 마음이 
상대의 무드를 잘 만드는 것과 결부되기 때문이다.
그러나 일생을 위탁할 남성이 나타나는 것은 21세가 지나 후가 될 것이다.","亥","寅",85
"이월 돼지띠의 성향 - 주위의 사람으로부터 일이 생길 때마다 부탁을 받는 사람이다.

예능 매니저, 서비스업 등이 맞는다. 
그러나 편의를 베풀어 준 것을 구실로 당신을 이용하려고 접근하는 사람도 적지가 않을 것이다.
특히 자기가 출자한 상점의 책임자로 남을 앉히는 것은 위험하다. 
역시 자기자신의 노력으로 나가야 할 것이다. 재복은 타고났다.

당신의 결점은 명예 이외의 것에 대한 욕심이 지나치다는 점이다.
특히 이성과 보석에 대한 집착 몸을 망치는 원인이 된다.
회사나 거래처의 여성과 문제를 일으켜서 신용을 잃기쉽다.

여성은 여행길 특히 북쪽에의 여행에서 배필을 만나는 기회가 있다. 
도시에서의 인간관계에 피로를 느껴 나온 여행길에서 그 지방에 갓 전근해 온 남성과 알게 되어 결합하게 될지도 모른다.

남성은 몸집이 작고 명랑하며 말을 잘하는 여성인 토끼띠의 3월생, 원숭이띠의 10월생 여성과 맞는다. 
여성은 범띠의 10월생, 닭띠의 11월생 남성과 궁합이 맞는다.

이 달 태생에는 사회자나 배우가 많은 것 같다.","亥","卯",86
"오월 돼지띠의 성향 - 이 달의 여성에는 명주와 같이 차분하고 부드러운 피부를 가진 사람이 많은 것 같다.

그리고 자기가 적극적으로 사랑하는 것보다는 사랑을 받고 싶다, 의지하고 싶다는 타입이다. 
표면적으로는 남의 말을 순수하게 듣고 있는 것 같아도 내심에는 고집에 숨어있어 타협은 좀처럼 하지 않는다. 
어느새 상대를 자기의 페이스로 끌어넣고 있는 것이다.
그러면서도 의뢰심이 강하고 자신이 자진해서 일을 맡으려고 하는 적극성은 볼 수가 없다. 
이것이 운수를 발전시키는데 방해가 되고 있다.

골프광이 많은데 어울리지 않게 드라이버가 정확하게 잘 뻗는다. 
시작한 지 1년이 못 되어 핸디 20을 끊는다는 빠른 진전을 나타낸다. 
도구에도 까다롭고 한 묶음으로 사는 일은 없고 이 상점에서 한개 저 상점에서 두개로 음미해서 산다.
백도 물론 특별주문품이다.

결혼은 자기와 다른 환경 속에서 자란 사람을 하려고 한다.
남성은 약간 살이찌고 말이 적은 말띠의 정월생, 양띠의 3월생 여성이 좋고 여성은 씩씩하고 섬세한 마음을 아울러 갖춘 소띠의 8월생, 범띠의 8월생 남성과 
심신이 모두 궁합이 맞는다.

이 달 태생에도 여배우와 가수가 많은 것 같다.","亥","午",89
"유월 돼지띠의 성향 - 출발은 느리지만 가속도적으로 스피드가 빨라지는 운수이다.

흐느끼기 쉬운 성격이므로 조그만 일에도 웃고 울며 자기의 앞날을 비관하지만 이러한 운수이므로 젊었을 때는 조급해 하지 말고 간단히 결론을 내이지 않을 일이다.

남성은 여성을 대상으로 한 직업으로 성공한다. 
미용사, 부인복, 내의, 액세서리, 정형미용, 요리 등 분야가 많다.
그러나 취미는 휠씬 남성적이며 헌팅에 이상한 정열을 갖고 있다.
아프리카의 맹수사냥에 가는 것이 일생의 꿈이며 35세를 지나면 현실의 찬스를 만나게 될지도 모른다.

이 달 태생의 여성은 지식을 넓히고 싶어 외출을 즐기며 부엌일은 그다지 마음에 없는 사람이다.

결혼은 환경이 다른 동지끼리 한다.
그러기 때문에 처음에는 음식물의 간을 맞추는데도 의견이 맞지 않아
3일에 한번은 쓸데없는 싸움을 하지만 서로 참는 것보다는 보다 좋은 결과를 내고 이해가 깊어진다. 

여성은 싸움을 해도 뒤끝이 없는 깨끗한 기질인 토끼띠의 9월생, 닭띠의 9월생 남성이 좋고 남성은 뱀띠의 9월생, 돼지띠의 12월생 여성과 궁합이 맞는다.

이 달 태생에는 유명한 작가나 오페라 가수, 배우 등이 많은 것 같다.
치과에서의 치료가 상당히 부담될 지 모른다. 젊었을 때부터 조심하는 것이 좋을 것이다.","亥","未",90
"팔월 돼지띠의 성향 - 사람을 부려서 일을 하는 타입이다.

어디로 가나 무거운 책임을 지고 지위나 보수에 비해서 과중하다고 생각되는 임무를 맡게된다. 
체력은 있지만 과로에 시달리기 쉽다.
단 정신이 건전하며 피곤해도 예리한 직관적인 판단력을 잃지를 않는다.
고생수이며 장남이 아니면서도 형제 자매를 키우거나 다른 일까지 떠맡을 때가 많고 방해도 상당히 받게 되어 평탄한 운수는 못된다. 
그러나 전체적으로 보면 물결은 있지만 발전하는 것이다.

마음에 들지 않은 일은 참을 수가 없는 사람이다. 
꺼림칙한 것은 남겨두는 사람이 아니므로 입은 상당히 나쁘고 그 자리에서 할 말을 다 해버려 싸워서 갈라지는 일이 있다.
특히 시어머니와의 관계가 나빠지므로 주의하기 바란다.

그림을 좋아하는 사람이 많은 달이다. 그것도 보는 것보다 자신이 그리는 것이 기쁨이다. 
적당한 판을 캔버스대신으로 해서 한장의 그림을 성심껏 손질해서 만들어 내는 타입이다.

궁합을 보면 여성은 가사에는 간섭하지 않는 어린기의 남성과 맞는다. 
범띠의 정월생, 닭띠의 7월생이 좋은 것 같다.
남성은 남이 말하는 것에 좌우되지 않고 그러면서도 취미를 알아차리고 자연적으로 이것에 맞추어주는 양띠의 11월생 원숭이띠의 4월생 여성과 궁합이 맞는다.

이 달 태생에는 작가나 화가, 배우가 많은 것 같다.","亥","酉",92
"시월 돼지띠의 성향 - 내성적인 성격이 벗겨져서 돼지띠 중에서는 정열적인 명랑성을 갖고 있다.

금전에는 집착이 강하지만 인간관계에는 담백함며 사람이 좋다는 것을 누구나가 알고있다. 
너무 일에 구애받지 않는 성격이며 때때로 양말을 뒤집어 신고도 알지 못하는 일이 있다. 
남의 그릇으로 먹는 일도 있을 정도이다.

이와같은 점에만 주의한다면 사람들에게 호감을 받는 성격이므로 항상 양지바른 코스를 호쾌하게 
걸을 수 있는 사람이다.

여성은 직선적인 성격의 남성과 궁합이 맞고, 결혼 전에 트러블이 생겨도 이것이 흠이라고 생각지 않는 지혜와 강한 의지를 갖고 있다. 

남성도 명랑한 여성과 맞는다.
궁합이 좋은 짝은 남성은 양띠의 6월생, 돼지띠의 11월생 여성이 좋고 여성은 범띠의 4월생, 뱀띠의 11월생 남성이 좋다.
단 이 짝은 부부가 다 같이 갬블을 좋아한다. 
휴일에는 동반하여 경마장에 나타난다. 
조심하지 않으면 안 될 것은 두사람 모두가 승부에 열을 올린다는 것이다. 
사전에 정한 금액 이상은 갖고 가지 않도록 한다.

이 달 태생에는 만화가 여배우가 많고 한때 [메리 포핀스]로 히트한 쥬리 앤드류스가 있다.","亥","亥",94
"십일월 돼지띠의 성향 - 강자에 강하고 약자에게 친절한 용맹스러운 사람이다.

그만큼 타협성이 부족하고 말을 꾸미지 않으므로 악의는 없으나 교제는 잘 한다고 볼 수가 없다. 
납득할 때까지는 한마디나 두마디로 생트집을 잡는 상사로서는 취급하기 힘든 인간이다.
이러한 인품이므로 운수에도 우여곡절이 많지만 최종에는 남보다 앞을 달리고 있다. 

항상 연령보다 젊어보인다. 사람들이 만년청년이라고 인정 할 정도의 사람이다. 
특히 이 달 태생은 개성파로서 대활약하고 있는 배우들이 많은 것 같다.

일을 오래 계속하듯이 인간관계에도 참을성이 강하고 모든 일에 장시간 지속형이다. 
정면에서 느긋하게 공격해오면 상대방은 저항할 수단을 잃어서 모르는 사이에 페이스에 휘말리게 되는 것이다.

궁합을 보면 전신적이나 육체적으로도 지치기 쉬운 사람과는 맞지가 않는다.
감수성이 강하지만 심신 모두 건전한 사람과의 짝지움이 이상적이다.

여성은 말띠의 정월생, 돼지띠의 10월생 남성과 맞다.
남성은 원숭이띠의 8월생, 쥐띠의 11월생 여성과 맞는다.","亥","子",95
"일월 쥐띠의 성향 - 전해의 돼지의 영향을 강하게 받고 있으므로 다분히 자신과 이기며 강인한 점이 있다.

그러나 열심이고 노력을 아끼지 않는 면도 또한 강하므로 사람들에게 미움을 사지 않는다.
전후 서독에 기억의 부흥을 일으킨 아데나워 전 수상이 이 달 태생이다.
이 분의 강인성과 고집은 유명하지만 그 헌신적 정치 자세는 지금도 독일 국민들의 존경을 받고 있다.

이 달의 사람은 곤란에 부딪히면 분연히 침착성과 강인성을 발휘하는 특징이 있다. 
네거리에서 자기의 차가 고장나서 주위에는 요란스럽게 비난의 클락션이 울려도 조금도 당황하지 않고 차를 길가로 밀고 가서 천천히 원인을 조사하는 여유가 있는 사람이다.

직업도 기본에서 착실히 쌓아올리며, 예를 들면 조선소기사, 건축기사, 의상 등이 좋을 것이다. 
35세가 지나면 운이 크이는 사람이다.

이 달의 여성은 개방적이고 사교가이지만 유혹에 지지 않는 힘을 갖고 있다.

궁합은 남성이면 소띠의 10월 태생인 사람, 쥐띠의 3월생의 사람과 같이, 일은 느리게 해도 확실하게 해 나가는 여성이 맞는다. 

여성은 어느정도 마음이 느긋한 남성이 좋으며 소띠의 1월태생인 사람이 좋을 것이다.","子","寅",97
"이월 쥐띠의 성향 - 쥐해 태생 중에서도 특별히 뛰어난 천재적인 감을 갖고 있다.

이 사람이 [ 오늘은 비가 온다] 하고 말하면 우산을 갖고 나가도 손해는 없을 것이다. 
이론보다 감각에 의존하는 타입이다. 
그 만큼 한번 감이 틀리면 생활의 템포도 달라질 우려가 있다.

이 달에 태어난 사람의 결점은 이러한 예리한 감은 누구나도 갖고 있다고 생각하는 점이다. 
사람들의 기분을 오바하여 안타까워하고 이것이 때로는 친구나 부하를 잃는 결과가 되기도 쉽다.

직업을 택한다면 세련된 감각을 필요로 하는 직업에 종사하여야 할 것이다.
패션 디자이너, 인테리어 디자이너 등이 장래가 유망하다.

남성은 목덜미가 희고 가는 날씬한 의복이 맞는 여성을 좋아한다.
그리고 일은 한길로 전념하고 싶은 사람이므로 아내로서는 정숙하고 현명하며 가사의 모든 것을 맡길 수 있는 사람을 바라는 것이다. 그만큼 자기의 아내를 소중하게 여긴다.

또 여성은 피부가 매끈하고 아름다우며 남성을 끄는 매력을 충분히 갖고 있다.

궁합은 남성은 양띠의 9월 태생, 여성은 용띠의 7월 태생의 남성이 최고이다.","子","卯",98
"사월 쥐띠의 성향 - 보기에도 위엄이 있고 침착한 느낌을 주며 나이보다 늙게 보인다.

만사에 신중하며 자기의 힘을 충분히 계산해 보지 안으면 행동에 옮기지 않는다. 
그러나 그 예측은 확실하며 헛됨이 없이 실적을 쌓아올리는 타입이다.
이러한 성격이므로 큰 홈런은 치지 못하나 히트가 많아 확실하게 승진을 계속한다.
단 일생에 단 한번 그림이나 소설에 열중해 보고 자기에게 대예술가의 재능이 있다고 착각할 떄가 있다.
이것이 애써 고생한 것을 물거품으로 만들지 않도록 조심해야 할 것이다.

직업을 특히 숫자를 많이 취급하는 분야의 공무원 또는 이수계의 학자도 좋을 것이다. 
또 실업가로서는 가장 좋은 타입이다.

여성은 이론파이다. 용모는 눈, 콧날이 선 또렷한 미인 타입이다.
특히 머리카락이 윤기있고 검기가 인상적이다. 또 한결같이 애정생활에 잠기고 싶다고 생각해도 결국은 양친이 권하는 사람을 택하는 자제심이 있는 사람이다.
결혼 후의 애정생활에서는 특히 여성의 경우 한번 대담한 행동을 해 볼만한 생각이 있다.

궁합은 여성이면 개띠의 12월생과 같이 가정에 꿈을 싣는 타입의 남성이 좋을 것이다. 
또  남성은 명랑하고 사교성이 좋은 토끼띠의 8월생의 여성이 맞는다.","子","巳",100
"오월 쥐띠의 성향 - 꾸밈이 없는 순박한 성격에다가 쾌활하고 친절심이 있으므로 
누구에게나 호감을 얻는 사람이다.

총리대신이다 하고 커다란 이상을 거는 사람이지만 이것을 꿈으로 그치지 않도록 노력하여야 한다.
이 달에 태어난 여성은 독신시절에는 크게 날개를 펼칠 것이다.
대중적인 맘모스 바나 보울링을 좋아하는 것 같다.
애정에는 불타기 쉬운 사람이지만 그 반면 금새 상대를 분석하는 버릇이 없는 것도 아니다.

직업은 도시계획 관계의 학자, 항공관제관 등이 좋은 것이다. 
또 사살, 예술적인면에서도 자기를 살릴 수가 있을 것이다.

이 달에 태어난 사람은 대단히 개방적인 태도를 취한다. 
침실에서도 절대로 불을 끄지 않는다. 
넘녀 모두 목욕을 좋아한다는 특징이 있다.

이 달에 태어난 여성은 결혼을 하면 시야가 좁은 늙은 성생타입의 아내가 되기 쉬우므로 궁합은 대국적인 면에서 리드해 주는 용띠의 9월생, 범띠의 6월생 남성이 좋을 것이다.
남성은 세게 고삐를 당겨주는 사람이라는 뜻이서 소띠의 8월생의 여성이 맞는다.
","子","午",101
"칠월 쥐띠의 성향 - 외면적으로는 온화하고 사귀기가 좋은 사람이다.

그러나 내면은 상당히 강하고, 만면에 미소를 띄우고 있을 때에도 눈은 웃고 있지 않은 점이다. 
그 만큼 마음으로 사귈 수 있는 교제는 적은 것이다.
세일즈맨 등 대외교섭을 하는 직종에서는 신용도 두텁고 일단은 성적을 올리면서도 그 이상 발전에 고민하는 것은 이 성격 때문이다.

젊은 시기에는 그다지 눈에 띄지 않는 존재이지만 중년부터 차차 오르막길이 되는 운세이다.
직업은 일이 정확하고 정에 쏠리지 않으므로 인사관리, 경리관계, 비서 등이 맞는다. 
체력이 있는 남성은 가이드맨에도 맞는다. 
여성은 작가, 사회사업가가 적성이다. 
모친의 유전을 많이 받고 있으므로 치밀한 두뇌의 혜택을 받은 것 같다.

이 달에 태어난 남성은 어머니 콤플렉스가 강하고 특히 유방이 큰 여성을 동경하는 경향이 강하다. 
천절하게 해 주는 여성에게 약하므로 결혼 후도 어딘가 아내의 속을 태우게 할 것이다.

궁합을 보니 남성의 경우 양띠의 7월생, 토끼띠의 같은 7월생 여성이면 잘 맞는다.
여성은 남성에 있어서는 이상적이다. 평균 이상으로 예리한 감수성을 갖고 있다. 
용띠의 4월생, 말띠의 2월생의 남성과 궁합이 맞는다.","子","申",103
"팔월 쥐띠의 성향 - 두외가 명석하고 요령이 좋은 사람이다. 

만원버스 안에서 재빨리 빈자리를 발견하는 기민성을 갖고 있다. 
단 때때로 [재빠르기 때문에 실패]를 한 때도 있다.

직업은 카피라이터, 가정전기의 세일즈맨, 유치원이나 국민학교 저학년의 성생이 맞는다.
큭히 이 달 태생의 남성은 학교시대부터 성적이 좋고 사회에 나와도 빨리 주목을 받는다. 
그러면서도 근성은 상당한 플레이보이이며 사교, 외교면에서는 보통 사람 이상으로 발전가가 될 점도 있다.

여성도 역시 활발하며 반짝거리는 큰 눈동자와 긴 누썹이 인상적이고 빨간색을 아주 좋아한다. 
양복은 물론 손수선에서 콤팩트에 이르기까지 빨간색 계통의 것을 갖는 사람이 많은 것 같다. 
뮤지컬 스타에 이 달 태생이 많다.

애정면은 여성의 경우 대단히 담백하다. 
행동으로 옮기는 것보다도 여러가지 말을 재잘거리는 것을 좋아한다. 
이것에 반해서 남성은 예술적인 연출을 즐기며 약간 촌티의 경향을 갖고 있다.

궁합은 여성이면 닭띠의 6월생 남성이 경제적으로도 안심된다.
남성은 개띠의 3월생 여성이 알맞은 것 같다.","子","酉",104
"시월 쥐띠의 성향 - 직관력이 예민한 것에 총명한 점이 겹쳐서 대담하다.

그러기 깨문에 직업의 욕망도 크고 언제까지나 남의 밑에서 일하는 것이 불만이며 30세가 지나면 사업을 하게 된다. 
이 때 처음에는 금전에 집착하지 말고 여하간에 인재를 키우고 기업의 확대에만 마음을 쓴다면 나중에는 금전운이 그 뒤를 따라올 것이다.

남성은 여성에게 야무지지 못한 것이 결점이다. 
정사면에서의 결단성이 없는 것이 사회적 지위에 영향되지 않는다고는 할 수가 없다.
직업으론 사업을 한다면 식품관계이다. 
특히 어린이의 반찬에 신제품을 개발하면 크게 성공한다.
여성도 요리, 조각 등 취미로 시작한 것이 상업으로까지 넓힐 수가 있다.

애정면에서는 여성의 경우 좋은 남편을 섬기면서도 더욱 좋은 사람이 있지나 않을까 생각하고 있는 결혼생활이 많은 것 같다. 
이러한 갈팡질팡하는 마음을 갖지 않기 위해서는 후보를 세사람 택하고 1년간 교제해서 결정한 후 결혼을 할 것이다.

궁합은 여성이면 닭띠의 8월생 남성이 좋을 것이다.
남성은 사치를 좋아하는 여성만은 피하는 것이다. 그 의미에서 원숭이띠의 4월생 여성이 좋다.","子","亥",106
"십일월 쥐띠의 성향 - 쥐띠 중에서도 가장 의지가 강하고 자기 생각을 행동으로 옮길 수 있는 사람이다.

그러나 이것을 숨기고 뒤에서 지휘하는 참모형이 되어서 비로소 좋은 운수를 잡을 수가 있다. 
혹은 적은 수의 선택된 사람으로 그룹을 만들고 곤란한 작업의 돌파구를 열어서 재능을 인정받는다.
단 사교성이 없고 독단으로 하는 점이 있으므로 사람의 의견을 받아들이는 도량을 키우고 협동하는 일을 배운다면 크게 성공할 수가 있다.
재간 있는 성격이지만 폐쇄적인 성격과 결부되면 평범한 사람으로 그치게 된다. 
성격이 다른 동료와 팀워크를 싸면 재간을 크게 활용할 수가 있을 것이다.

직업은 수예, 양재 등 끈기있는 일이 좋으며 특기가 된다.
자기 혼자서 하지 말고 사람을 쓰면 크게 성공할 가능성이 있다. 마케팅, 판매확장 등의 재능도 있다.

이 달의 사람은 남녀 모두 애정면에서도 정직하고 세심한 성격을 발휘한다. 
여성의 경우 자기의 생리주기를 정확히 기억하고 있는 사람이 많은 것 같다.

몹시 날씬한 체격이며, 평상시는 그 스마트한 체격을 딴 사람들이 샘낼 정도이지만 벗었을 때에도 가슴에서 밑의 근육붙임은 훌륭한 글래머이다.

궁합은 여성이면 용띠의 10월 태생과 같은 대담한 타입의 사람이 좋다. 
남성이면 토끼띠의 6월생 여성과 맞는다.","子","子",107
"십이월 쥐띠의 성향 - 이 달의 사람은 쥐해의 성격 대부분 그대로라고 생각해도 좋을 것이다.

그러므로 일에 몰두해서 전력을 쏟아도 그다지 피로를 느끼지 않는다는 건강한 사람이다. 
그리고 목적을 위해서는 고생을 마다 않고 전진하는 힘을 갖고 있는 사람이다. 
일하는 태도도 상당히 바쁜 무드를 갖고 있다. 
전화를 걸어도 상대가 누군가를 확인하지 않고 또 겉치레의 인사도 일절 빼고 다짜고짜 용건만을 빠르게 지껄여 댄다. 
한참 떠들고 난 뒤에 [어디에 전화를 걸었어여?] 하고 되물어 올때가 있어 때때로 망신을 당하는 사람이다.

가수나 배우들에 이 달 태생이 많으며 몸이 약한 것 같은데도 불구하고 정력적으로 활약한다. 
직업은 카피라이터, 연극관계 등 여성은 특히 다도, 공예 혹은 약학의 연구 등에 적합하다.

애정에 관해서는 이 달의 남성은 개방적이라고나 할까? 주저하는 일이 없는 성격이 다분하다. 
타인의 면전에서 자기의 애인이나 마누라의 일을 자랑스럽게 떠들어댄다.
여성도 또한 명랑한 남성관을 갖고 있다. 
또 목줄기의 성감이 특이하게 발달하고 있는 것도 특징이다. 
손끝으로 조금 닿기만 해도 느낄 수가 있다. 

궁합은 여성이면 소띠의 10월 태생과 같이 가정적으로 온순한 남성이 좋고, 남성이면 원숭이띠의 3월생 여성과 맞는다.","子","丑",108
"이월 소띠의 성향 - 동작은 신중해 보이지만 감각이 날카롭고 재간이 있다.

보기엔 모순되는 두가지 성격이 얽혀서 고상한 것, 아름다운 것을 동경하는 몽상가 타입의 사람을 만들고 있다. 
낙천적이며 현실의 하찮은 일에 구애받지 않고 타인에 대한 악의 같은 것은 털끝만큼도 갖고 있지 않다. 
그러하니 자신이 모르는 사이에 사람에게 신세를 지거나 속임수를 당하는 일이 있다.

클래식 음악이나, 그림, 문학에 뛰어난 감상가가 많은 것도 2월생의 특징이다.
또한 여성에게는 갬블의 감각이 특이하게 발달한 사람이 있으므로 고스톱, 포카, 등 여자라고 깔보았다가는 큰 코를 다치게 된다.

직업을 택한다면 감각면을 살리는 일 또는 미적 센스가 필요한 일이 맞는다.
남녀를 불문하고 인테리어, 미용사, 공예, 미술품의디자이너, 공작이라면 아주 적임자일 것이다. 
또 시인으로서의 소질도 갖고 있다.

남성은 여하간에 구원의 여성으로서 [햄릿]의 오필리어와 같은 수정, 가련, 섬세한 처녀를 상상하지만, 결혼상대로서는 건강하고 명랑하며 현실처리능력에 뛰어난 착실한 여성을 택하여야 할 것이다. 
양띠 9월생의 여성이 아주 적합하다.

여성은 생활력이 있는 30세 전후의 남성을 찾기 바란다. 
궁합이 좋은 것은 범띠인 8월생 남성이다. 
또한 과식 과음에 주의할 것, 특히 위와 간장은 20대부터 잘 간직해주기 바란다.
","丑","卯",110
"삼월 소띠의 성향 - 독립, 독보, 무엇이든 자기 혼자서 해내려는 사람이며 그만틈 재능이나 체력에도 덕을 받고 있다.

자기의 행동이나 생각을 사람들에게 비판당하는 것을 극단적으로 싫어하므로 이사람에게의 충고는 상당히 신중을 기하지 않으면 안되다. 
친척이나 친구들의 덕은 그다지 타고나지 못한 것 같다.

젊었을 때는 파란이 많은 것 같다. 
트러블의 원인으로 뻗어나가는 일도 있지만, 방침이 좀처럼 정해지지 않아 결국은 쓸모없이 될 가능성도 있으므로 생활의 기초는 일찌기 쌓아두어야 한다. 
주위의 사람, 윗사람의 충고를 정중히 받아들이는 도량을 키운다면 크게 성공할 것이다.

직업은 넓은 뜻에서의 자유업, 특히 의사, 변호사, 회계사, 또 상업을 한다면 어떤 특정한 상품이나 기술이 판매물인 중소기업을 만드는 것도 좋을 것이다.

남성은 결혼상대로서 겉으로는 무엇이든 순종하면서 어느새 고삐를 꽉 잡고 있는 똑똑하고 상냥한 여성을 택하여야 할 것이다. 닭띠의 7월생이 좋다. 

여성이면 생활에 대해서나 인생에 대해서 좋은 어드바이스를 해 주는 남성을 찾아야 한다. 
뱀띠의 8월생 남성이면 아주 적합하다. 

천식, 피부병 등 알레르기성의 병에 주의하기 바란다.
","丑","辰",111
"오월 소띠의 성향  - 가문, 재산 혹은 풍부한 소질 등 이미 어떠한 인생의 기반을 태어날 때부터 타고나 있다.

서양에서 말하는 [은수저를 입에 물고 태어난 사람]이다. 
바탕은 건실한 성격이지만 덕을 너무 받아서 고생을 모르기 때문에 낙천적이며, 현실이나 인간에 대한 인식이 좀 후한 점이 특징이다.
특히 일시적인 들뜬 마음으로 일을 바꾸는 것은 금물이다. 
여성은 예산초과의 소핑에 주의할 것. 만사에 절도를 잃지 않으면 평범하면서도 행복한 생활을 보낼 수가 있을 것이다.

근무할 곳이라면 될수록 튼튼한 회사, 그것도 토목건축, 전기, 어업, 유리 등이 좋고 상업이면 가솔린 스탠드, 담배, 보석 등 비교적 자본이 적게 들고 변동이 적은 장사를 권한다.

이 달의 남성은 말하자면 미인을 좋아하는 사람이 많고 그다지 사람하지도 않으면서 미색에 끌려서 결혼하는 일이 많다.
여성은 스마트한, 특히 눈가가 시원스러운 남성에게 약한 것이 특징이다.
또 여성은 체질적으로 냉성이므로 미니스커트만은 입지 않는 것이 좋을 것이다.

궁합은 여성이면 범띠의 7월생의 남성이 좋다.
남성이면 토끼띠의 8월생의 여성이 좋다.","丑","午",113
"유월 소띠의 성향 - 우둔하고 눈부신 행동이라는 두 가지 정반대의 성격을 내포하고 있는 것이 특징이다.

방에 틀어박혀서 철학책과 씨름하고 있다고 생각하면 어느새 스포츠카를 모는 등 행동이 엇갈리며 변덕스러운 인상을 준다.
취미도 베토벤의 현악 4중주를 감상한 직후에 대중가요를 즐길 수가 있는 것이다.
그리고 본인은 자기의 이중성을 전혀 눈치채지 못하고 있다. 
따라서 사람들에게 오해받기 쉽지만 우정이나 의리에는 의외로 두텁고 사람들에게 싫음을 당하는 일은 그다지 없다.

이 달 태생의 사람은 40대 중반 쯤에 크게 운명이 바뀐다. 
이 결과가 플러스가 되는가 마이너스가 되는가는 이제까지의 노력의 축적 여하에 달려 있을 것이다.

직업은 열심히 뛰어다니는 재능과 창조력을 살려서 작가, 영화감독, 기자. 편집자 등이 가장 적합하지만 반대로 은행, 관청 등 딱딱한 근무도 이상하게 잘 해 나간다.

이 달의 사람에게는 애정면에서 상당히 변화기가 있다. 
데이트의 약속을 어기거나 갑자기 산만해지거나 차가워져서 이 사람의 상대는 익숙해 질때까지 고생할 것이다.
그러면서도 질투심이 심한 일면이 있는 것은 그 애정이 절대로 거짓이 아니라는 것을 말하고 있다.

남성에겐 돼지띠의 7월 생 여성이 좋고, 여성에게는 범띠의 10월생 남성이 좋다.","丑","未",114
"팔월 소띠의 성향 - 충실하고 정직하여 좀 고독한 것이 소해의 기본적인 성격이지만 8월 태생의 사람은 이외에 폭넓은 사교성, 행동성, 관대성, 또는 사람을 끌어당기는 매력의 혜택을 받은 점에서 특이한 존재이다.

애정도 분노도 겁내지 않고 솔직하게 표면에 나타내므로 대인관계에서 감정적인 꺼림칙한 점을 남길 때가 있다.

대인관계가 좋고 말하기를 좋아한다. 파티, 좌담회에서는 교묘한 화술로 사람을 끌어서 지루한 감을 주지 않는다. 그리고 언제나 주역이며 스포트라이트를 받고 싶다는 기분이 강한 것이다.
인망을 모아 인생의 주역다운 사람이지만 입은 화의 근본, 말만은 주의하기 바란다.

직업은 대인관계가 좋은 점을 살리는 업종이면 이상적이다.
예를 들면 아나운서, 사회자, 가수 등이지만 요리사, 술의 감정사 등에도 맞는다.

이성관계는 남녀 모두가 열렬하게 될 것 같다. 
이 달의 사람은 일단 좋아지면 즉시 상대방에게 결점이 노출되는 경향이 있는 것 같다.

결혼은 윗사람, 부무가 추천해 주는 사람이라면 잘 될 것이다.
남성은 돼지띠의 5월생 여성이 좋을 것이다. 
여성은 뱀띠의 4월생 남성이면 이상적이다.","丑","酉",116
"구월 소띠의 성향 - 박식하며 기지가 뛰어나고 사람의 마음의 낌새를 파악하는 기술을 알고 있다.

이 사람의 웃는 얼굴 앞에서는 어떠한 경계심도 모습을 감출 것이다.
누구에게서나 사랑을 받고 친해진다. 
이 탁월한 사교, 처세술은 단순한 테크닉이 아니고 [사람을 사랑하고 자기를 사랑하며 인생을 사랑한다] 의 타고난 박애정신에서 온 것이다.

그렇다고 단순히 사람이 좋다는 것은 아니다. 
재물을 불리고 축재하는 능력도 있고 억제하여야 할 것은 정확히 억제하고 있다.
단 타인에게 너무 장단을 맞추면 가볍게 보이게 될 염려가 있을 수도 있다. 
어디까지나 자기의 의견은 정확하게 해 두어야 한다.

직업은 사람에게 쓰여지는 것보다 쓰는 쪽이므로 될 수 있으면 독립해서 장사를 하는 것이 좋다. 
이것도 될수록 스케일이 큰 것이 좋다.
샐러리맨이면 상사, 여행사 등, 외국과 인연이 있는 근무로써 성공한다. 
여성은 비서역으로서의 재능도 있지만 지나치게 일에 성의를 내면 혼기를 잃을 염려도 있다.

남녀 모두 결혼상대는 첫인상으로 결정될 것 같다. 
애정면은 깨끗한 편이다.","丑","戌",117
"십일월 소띠의 성향 - 의지가 강하고 냉정하고 침착하며 또한 계획성이 있다.

무엇을 해도 두각을 나타내는 타입이다. 
단 좀 독선적이고 사람의 의견에 귀를 기울이지 않는 경향이 있는 것 같으나 이것은 자기자신의 시야를 넓힘으로써 보충하면 될 것이다.
리더로서도 우수한 편이다. 
능력은 있으므로 좋은 의미에서의 사교성을 익히면 무한의 발전이 약속된 사람이다.

이 달 태생의 여성게는 남성에 대한 조심성을 가진 사람이 적지가 않다.
포크댄스에서 손을 맞잡는 것조차 싫어 한다는 결백성이다.
남성의 경우는 상대와 간단히 융합되어 자기 발표를 할 수 있는 타입이다.

직업은 학술적인 방면보다 오히려 행동성이 강한 직업이 맞는다. 
회사의 영업인, 건축가, 각종 매니저, 스포츠맨 등이 적합한 직이지만 한가지 일에 열중할 수 있는 능력을 살려서 시계나 농업 방면의 전문가도 좋을 것이다.
이 달의 남성이 조심성이 있으며 착실한 여성에게 마음이 끌리는 것도 이 강한 성격으로 보아서 알 수가 있는 것이다.

궁합이 맞는 여성은 용띠의 1월생, 닭띠의 9월생이 좋고 여성은 닭띠의 정월생 남성이 좋다.

또한 20대 중반에서 교통사고로 다칠 염려가 있다. 
음주운전이나 신호위반은 절대로 삼가기 바란다.
","丑","子",119
"십이월 소띠의 성향 - 소띠의 성격을 통쨰로 갖고 태어난 사람이며 명예심이 강한 사람이다. 

그러므로 프라이드가 세고 지기를 싫어하며 사람에게 손가락질 당하는 것을 죽음보다 싫어한다. 
그렇다고 해서 말하자면 현실유리형의 이상가 타입이 아니고 소의 근면성과 더불어 환경에 자기를 맞추어가는 유연성도 몸에 익혀두고 있다. 

유우머를 좋아하며 떄로는 농담도 한다.
단 상식가이며 어긋난 생각, 행동을 할 수 없다는 것이 난점이다.

사업에서는 정상길로 꾸준히 해 나가면 중년이후는 급격히 발전할 것이다.
스케일이 큰 사업, 익숙치 못한 일에 몸소 부딪히는 용기를 갖기 바란다.
여성은 30대 후반 쯤 어린애가 자랐을 때 작은 상점을 가지면 발전 할 것이다.

남녀 모두 결혼은 성격이 비슷한 사람을 택하도록 한다.
이 달의 여성은 독신시대는 내성적이며 특히 이성에 대해서는 싫어하는 마음조차 갖고 있지만 결혼후는 상당히 달라지게 된다.

궁합은 남성이면 닭띠의 7월생 여성이 좋다.
여성은 쥐띠의 8월생 남성이 가장 좋다.","丑","丑",120
"이월 범띠의 성향 - 평상시에는 한가하게 지내고 있으나 시작했다 하면 맹렬한 스피드를 올리는 가장 전형적인 범띠이다.

무슨 일을 머리보다는 피부로 이해하고 건전하게 활동함으로써 발전해 간다.
따라서 화려하고 행동적이며 평상시의 꾸준한 노력을 요하는 직업에 사는 사람이 많다. 
배우라든가 스포츠맨들이 이 달 태생에 많다.

단 시간에 둔감한 점이 있다. 
만날 약속을 하고 지키지 않고서도 태연한 뱃장이 두터운 점이 있는 것 같다. 
여성의 피부는 단단한 편이며 매력적인 감촉을 갖고 있다.

남성은 여성에 대해서 언제나 공상적이다. 
다방에서 여성을 보면 어떠한 생활을 하고 있을까 하고 상상한다.

남성은 밖에서 강하고 여성은 집에서 착실히 일하는 타입이다.
서로의 성질을 잘 아는 상대와 결합되는 일이 많으며 학생시절의 친구, 어린 시절의 친구와 결혼해서 좋은 가정을 만들고 있다. 

여성은 뱀띠의 7월생, 개띠의  3월생 남성과 궁합이 좋다.
남자는 쥐띠의 6월생, 범띠의 9월생 여성과 궁합이 맞는다.

단 여성은 결혼 후 1,2년간은 시부모의 병과 출산이 겹쳐서 경제적으로 고생을 하게되나 이것을 극복하면 어린애를 젊어서 키워놓고 자기 자신의 생활을 즐길 수가 있다.","寅","卯",122
"삼월 범띠의 성향 - 반응이 빠른 사람이다.

아름다운 것을 보고는 감동하고 불쌍한 사람에게는 아낌없이 동정을 쏟는다.
불우이웃돕기 모금을 한다면 첫날에 앞장서서 헌금한다.
무슨 일에 놀라는 것도 딴사람과는 달리 특이하다. 
책상 속에 도깨비 장난감 같은 것을 넣어두었다간 장난친 사람이 반대로 놀랄 정도로 
얼굴색이 변해서 날뛰는 것이다.

애정면에서는 서로가 어떠한 공통점을 발견해서 우정에서 애정으로 발전하는 케이스가 많을 것이다.
이 민감성이 나쁘게 나타나면 지나친 판단, 강한 사람에게 공포심이 생기게 되어 행동에 착각이 생겨 보기에는 호걸인 사람으로 보아왔는데 다른 사람에게 의문의 사람이라는 느낌을 받게 된다. 
사람을 보는 눈을 길러서 망설이는 마음을 없애면 젊었을 때부터 이름을 떨칠 수가 있을 것이다.

성격은 비슷하지만 자라난 환경이 전혀 다른 사람과 결합된다.
동북 출신의 남성과 남쪽 출신의 여성과는 좋은 짝이  될 것이다.
직장 결혼에서는 가정환경의 차이를 이유로 반대하지만 밀고 나아가야 한다. 

여성은 토끼띠의 5월생, 원숭이띠의 2월생 남성과 좋다.
남성은 토끼띠의 1월생, 개띠의 7월생 여성과 궁합이 맞는다.","寅","辰",123
"오월 범띠의 성향 - 대단히 명랑하고 우아하며 동료의 우상이다.

여행, 파티. 서클활동에 없어서는 안될 사람이다.
그러나 한쪽으로는 자기 생각에 빠져서 다른 사람의 의견을 충분히 듣지않아 일을 그르치게 할 때도 있다. 
그런가 하면 친절심을 갖고 있으면서도 이것을 행동으로 나타내는 것을 꺼리는 내향성도 갖고 있다.
버스나 전철에서 할머니가 서 있어도 옆의 젊은 여자를 의색해서 좀처럼 자리를 양보하지 않는 사람이다.

이 달의 사람은 친척간에 은혜를 원수로 갚거나 갚아진다는 트러블의 생길 위험이 있다. 
친할수록 응석부릴것을 서로가 참아야 할 필요가 있다.
1대1의 교셥을 하는 직업에 종사하면 매일 한숨을 쉬면서 집으로 돌아오는 일이 생길 수도 있을 것이다.

남성은 다른 사람보다 훌륭한 몸집을 갖고 있으며 또한 행동이 부드러우며 여성에게는 매력있는 존재의 사람이 많은 것 같다. 
성격상 너무 다부지게 결론을 내고 싶어하는 여성과 피하도록 한다.

남성은 뱀띠의 8월생, 개띠의 2월생 여성과는 궁합이 좋다. 
여성은 소띠의 2월생, 뱀띠의 5월생 남성과 궁합이 맞는 것 같다.

남녀 모두 양친과는 떨어져 사는 것이 좋지만 부득이 동거할 경우에는 거처, 취사장은 꼭 별도로 쓰는 것이 좋을 것이다.","寅","午",125
"유월 범띠의 성향 - 이익에 관계없이 행동을 한다.

생각한 것을 솔직히 표현할 수 있는 도량이 넓은 성격은 양친의 부부사이가 좋았기 때문이다. 
양친으로부터는 뛰어난 지능 혹은 재산을 받았고 좋은 환경 속에서 자라났다.
이러한 성격에서 그다지 고생하는 일 없이 명예나 지위를 얻을 수가 있지만 반면 지출비는 상당히 많을 것이다.

도량이 넓은 것에 맞지 않게 덤비는 성격이다. 
막차 속에서 잠들면 3번에 한번쯤은 한 정거장 앞에서 내리게 되는 사람이며, 분실계원과는 ""우산을 잊지마십시요"" 라고 일단은 말을 걸어줄 정도로 알게되는 사이이다.

여성에게는 앞짱구가 귀여운 사람이 많이 있는 것 같다.
남성은 뚱뚱하게 살 찐 미인에는 극단적으로 약하고 이만하면 하고 생각한 여성과 만나면 맥없이 친절심을 발휘하는 사람이다.

남성에게 궁합이 좋은 여성은 쥐띠의 5월생, 소띠의 10월생이다.

여성은 애정면에서는 이유없이 상대를 받아들일 수 있는 사람이다.
최초의 반년간은 고통을 느끼지만 차차 익숙해져서 여성쪽이 적극적으로 된다.
토끼띠의 7월생, 양띠의 2월생 남성과 궁합이 맞는다.","寅","未",126
"구월 범띠의 성향 - 민첩한 행동을 나타내는 사람과 앉아서 꾸준히 일을 계속하는 사람으로 행동의 형태가 딱 둘로 갈라진다.

댄디, 스타일리스트가 많고 40세가 넘어도 원색으로 된 무늬의 의목을 멋있게 입고 있는 사람을 많이 볼 수가 있다. 
매달 한번은 금주 금연을 맹세하거나 목욕탕에 가는 것은 1주에 두번 간다는 등 여하간 여러가지로 결심을 하는 것을 좋아하는 사람이 많은 것 같다.

이 달 태생의 여성에는 남의 일을 도와주는 것을 좋아하는 사람이 많고 특히, 생활이 편한 여성이 많은 것 같다.

남성은 화려한 것을 좋아하는 여성을 구한다. 
한편 가정에서는 큰 어린애와 같이 손이 많이 가는 남편이므로 이것을 감쌀 수 있는 모성적인 명을 가진 여성이 아니면 안 된다.
뱀띠의 4월생, 양띠의 10월생 여성이 이것을 만족시켜 줄 것이다.

여성은 무조건 자기를 이끌어 줄 수 있는 강한 남성에게 갈 것을 꿈꾸고 있다.
너무 얌전한 남성은 맞지가 않는다. 
폭군은 아니지만 좀 누를 수 있는 남편이 있음으로써 가정을 다스리는 재능을 발휘할 수가 있다. 
쥐띠의 3월생, 범띠의 2월생 남성과 궁합이 맞는 것 같다.

신장, 류머티스, 파상풍 등에는 주의하기 바란다.
","寅","戌",129
"시월 범띠의 성향 - 범 중에서도 비교적 운수가 센 사람이다.

사회적인 입장으로 혜택을 받아 출세, 축재의 찬스가 여러번 돌아온다.
회사에서는 실력있는 상사에게 인정을 받고 가정에서는 좋은 남편, 좋은 아내를 가질 수가 있다. 
행동범위가 넓은 것은 장점이지만 손을 너무 뻗어서 수습하기가 곤란하게 된 점도 있다. 
또 계산이 너무 심하지 않으므로 치밀한 계산을 하는 사람에게 발목을 잡힐 위험도 있을 수가 있다.

여성은 매력적인 눈을 갖고 있는 사람이 많다.
또 이 달의 여성에게는 가계를 생각하는 것을 좋아하는 남성이 맞는다.
이 달의 여성이 호의를 갖는 남성은 콧날이 굵게 선 사람이다. 
이것은 어린 시절에 인상을 받은 아빠에 지지않는 사람을 구하려는 잠재적인 욕망의 표시라고 생각된다.
원숭이띠의 8월생, 개띠의 10월생 남성과 궁합이 맞는다.

남성은 그다지 세밀한 일에 마음을 쓰지 않고 교제에도 잘못된 점이 있는 쪽이므로 잘 알아차리고 눈에 띄지 않게 커버를 할 수 있는 아내가 필요하다.
토끼띠의 10월생, 돼지띠의 2월생 여성과 궁합이 잘 맞는다.
","寅","亥",130
"십일월 범띠의 성향 - 책상과 마주앉아 사무를 보는 것보다 뛰어다니면서 일을 하는 것이 성미에 맞는다.

같은 비서역이라도 편지의 정리나 차배달로는 만족할 수가 없고 사장대신에 결재를 하는 유능한 비서역이다. 
자기가 좋다고 생각하는 일은 어디까지나 밀고나가는 강력한 힘이 있으나 이 힘 때문에 망칠 때도 있다.
이 달 태생의 선수들이 상대 이상의 실력을 인정받으면서도 언제나 우승을 놓치는 것은 이 강인성도 하나의 원인일 것이다.

애정면에서도 직선적이며 강렬하고 씩씩한 성격으로 승부를 한다. 체격도 훌륭하다.

여성은 발의 모양이 특별히 아름답고 섹슈얼한 사람이 많이 볼 수 있다.
그러나 일의 매력에 열중한 나머지 자칫 혼기를 놓치기 쉬운 것이 아쉽다. 
될수록 20세의 봄까지 결혼하면 행복하게 된다. 
연령이 많아질수록 남편이 될 사람의 봉급, 지위에 욕심이 생겨 결심하기가 힘들게 된다. 
처자가 있는 남성과 깊은 관계에 들어가는 일이 많은 것은 이러한 마음 때문이다.
자신을 지배해 주는 남성이 바람직하며 상사와 친척들이 권하는 말 가운데 
상사가 소개하는 결혼이 궁합에 맞다.
범띠의 7월생 용띠의 1생 남성이 좋은 궁합이다.

남성에게는 쥐띠의 11월생, 양띠의 2월생 여성과 궁합이 맞는다.","寅","子",131
"이월 토끼띠의 성향 - 생각이나 행동이 대단히 신중한 사람이다.

그러나 그 반면 일단 굳힌 의지를 표현할 때는 대담 솔직한 방법으로 사람에게 전달한다.
과장된 제스처, 교묘한 화술을 구사하나 이것이 절대로 밉게 보이지가 않는다.
오히려 이 사람이 있기 때문에 주변이 어딘가 명랑해진다는 덕을 얻은 성격이다.

여성은 교양과 예능에 열중하는데는 12지 중에서 최고의 부류이다. 
특히 취침전에 경대 앞에서 머리를 빗는 것은 일과로 되어 있으며 그 날에 불유쾌한 일이 있었을 때면 한 시간정도는 태연하게 하고 있다.
또 돈 씀씀이가 화려하다는 것도 특징이며 장신구류, 특히 귀걸이를 좋아하는 경향이 있는 것 같다.

이 달의 사람은 남이 대하기가 좋고 말을 듣는 것도 잘 한므로 사회자나 편집인적인 일에 적합하다.
결혼생활에 들어가면 밖에서의 태도가 딴판으로 달라져서 기분나쁜 얼굴이 되어 일에 관한 애기나 친구의 애기를 듣는 것을 대단히 싫어한다.
그러나 잠시후에 또 기분 좋은 얼굴이 된다.

궁합은 남성이라면 범띠의 12월생, 용띠의 8월생의 여성이 좋다.
여성은 용띠의 9월생의 남성이면 그만이다.","卯","卯",134
"삼월 토끼띠의 성향 - 토끼의 오르막이라는 말이 있다.

토끼는 앞다리가 짧고 뒷다리가 길어 언덕을 잘 오를 수가 있다. 즉 일이 잘 운행된다는 뜻이다. 
이 달의 사람은 그야말로 오르막의 토끼이다.
마음먹은 것은 무엇이든 순조롭게 진행된다. 단 싫증을 잘 낸다.
일이나 취미도 오래 지속해서 유지해 나가는데는 체질적으로 맞지가 않는다.

이 달 태생의 사람은 기묘하게 물건을 잘 줍는 사람이다.
이사람에게는 소매치기가 훔친 지갑을 몰래 주머니 속에 넣어주거나 대문 앞에 애를 버리고 가는 일도 있을지 모른다.

이 달의 여성은 어디에 가나 귀중하게 여기며 사랑을 받는 사람이다. 
단 감정적으로 다분히 마음이 변하는 기질이 있으므로 조금 더 끈기있게 일에 대처하는 것이 좋을 것이다.

궁합은 남성은 일에는 열심이지만 그 이외의 일은 무관심하므로 아내로서는 상사나 동네 친척과의 교제를 잘 할 수 있는 똑똑한 여자를 택하는 것이 좋을 것이다. 
원숭이띠의 6월생, 양띠의 9월생인 여성이 좋을 것이다.

여성은 들뜨는 마음을 큰 손으로 눌러주는 호쾌한 남성이 필요하다. 
돼지띠의 2월생 남성이 좋을 것이다.

해외여행을 할 찬스가 많은 사람이다. 
그 때 교통사고에는 상당히 조심하기 바란다.
","卯","辰",135
"오월 토끼띠의 성향 - 양친으로부터 물심 양면에 걸쳐 충분히 받았고 귀염둥이로 자라온 사람이다.

그런만큼 누구에게도 아낌없이 원조해 준다는 성격이 강한 것 같다. 
또 좋은 환경에서 자라났다는 생각을 느끼게 하는 솔직성을 갖고 있다. 
단 자기가 잘 해주었으니 다른 사람도 그렇겠지 하고 생각하고 있다. 
소위 도련님 타입의 판단을 하는 후한 마음이 걱정되는 점이다.

유명한 작가들이 이 5월태생이다. 
부모의 총애를 한몸에 받아서 자라온 그 유리한 점은 무엇으로도 비교할 수가 없는 것이다.
앞으로 더욱 활약할 것이 기대되고 있다.

이 달의 사람은 재간이 있어 무엇이든 해보고 싶은 욕망은 충분하므로 어떤 직종을 택해도 안심이다. 
단 2, 3회 직업을 바꾸게 될지는 모르겠다.
구태여 말한다면 유통기구의 중간에 위치하는 매니저적 직종, 예를 들면 무역상, 예능 프로덕션 등을 택하면 자기를 향상시키는데 아주 좋을 것이다.

궁합은 남자라면 좋으면 좋다, 싫으면 싫다 라고 분명히 의사표시를 하는 타입이므로 그 어리광과 고집을 따뜻하게 감싸줄 원숭이 띠의 9월생 여성이 좋고,
여성은 범띠의 3월생, 닭띠의 8월생 남성과 궁합이 맞을 것이다.","卯","午",137
"칠월 토끼띠의 성향 - 이 달의 사람은 표면상 대단히 이지적이며 안정감이 있는 것 같이 보이고 
사실 실력도 있지만 내심 무언가 소심하고 지나치게 정직한 점이 있다.

좀 대담하게 되도록 노력하면 좋을 것이다.

부모한테 물려받은 재산 혹은 기반 또는 어떠한 특수한 능력 등을 갖고 인생을 출발할 수 있는 행운의 사람이다.
그러므로 이 운을 중년에서 노년에 걸쳐서 풍부하게 유지해 나가는 것이 가장 중요하다.

애정면에서 이 달의 사람에게는 [박애를 대중에게 베푼다] 라는 경향이 있다.
특히 여성은 남성으로부터의 요구를 거절하지 못 하는 성격이다.
그러나 취미에서 좋고 싫어함이 심하므로 자기가 좋아하는 곳이 아니면 가고 싶어하지 않는다. 
인정이 있고 주위와의 융합에 노력하기 바란다.

궁합은 여성이면 쥐띠의 7월생, 소띠의 정월생 남성이 좋고 남성은 범띠의 6월생 돼지띠의 10월생 여성이 가장 적합하다.

여행 중에 위가 상해서 고생할 때가 있을 지도 모른다.
평상시에도 주의가 필요하다.
","卯","申",139
"구월 토끼띠의 성향 - 이 달에 태어난 사람의 마음에는 생각한대로 곧바로 나가려는 성격과 대단히 내성적이며 주저하는 성격이 공존하고 있는 것 같다.

또한 정신과 육체가 대단히 언밸런스한 관계에 있다든가 여하간 자기 자신 속에서의 순리와 역리가 심한 사람이다.
그만큼 호조 불호조의 파도가 심한 대단히 복잡한 운수이므로 젊었을 때에 자기가 가야 할 길을 확실하게 정하고 딴생각을 하지 말고 매진하는 일이다. 
화가로서 유명한 사람이 이 달의 태생에 많다.

여성의 경우 건강에 상당히 주의하여야 할 것이다. 
특히 두드러기가 금세 돋는 사람이다.
사람에 따라서는 꽁치나 고등어는 물론 옻칠한 식기에 닿기만 해도 나타나는 사람이 있다.

직업은 회사근무 등 평균적 생활을 보내는 것에는 맞지가 않는다.
예술, 기술 등 전문준야로 나가는 것이 좋을 것이다.

궁합은 남성이면 범띠의 정월생, 닭띠의 2월생 여성이 좋고 여성이면 뱀띠의 9월생 남성이 적합하다.
단 좋을 짝을 만날 확률이 적으므로 파티나 신중한 결혼상담소를 많이 이용하도록 한다.
","卯","戌",141
"시월 토끼띠의 성향 - 이 달의 사람에는 감정이 풍부하고 회고를 취미로 하는 점이 있다.

[꿈이여 다시 한번] 이라는 타입이다. 
그렇다고 해서 절대로 물러나서 가만히 있는 성질이 아니고 옛것이라도 나쁜 것은 용서없이 버리고 좋은 것은 현재도 아직 살려서 사용하려고 하는 건설적인 로맨티스트이다.

새로운 것을 좋아하는 사람으로부터는 비판의 대상이 될 때가 많겠지만 지나가는 바람이라 생각하고 흘러보내는 것이 좋다. 
그리고 자신이 좋다고 생각하는 센스로 일을 계속해 나가는 것이다.

이 달 태생에는 유명한 배우가 많은 것 같다. 
또한 늙어가며 더욱 왕성하게 확고한 지위를 차지하고 있는 것 같다.

또 이 달 태생의 사람에게는 대단한 수집버릇이 있다.
헌돈에서 시작해서 다방의 재떨이, 시집 등 사치의 유무를 불문하고 모으는 것이다.
또 여성은 시어머니를 잘 다루므로 남편의 식사준비가 늦더라도 시어머니의 말동무를 해서 기분을 맞춘다.

궁합은 남성의 경우 로맨틱한 무드를 이해하고 같이 사랑의 즐거움속에 빠져주는 여성, 예를 들면 토끼의 5월생 등이 가장 적합하다.
또 여성이면 개띠의 3월생 남성이 좋을 것이다. 
또한 이 달의 사람은 궁합에 관계없이 부모간의 잘 아는 사이의 혼담이라면 잘 될 것이다.","卯","亥",142
"십이월용띠의 성향 - 표면은 유연성이 있으나 끈기가 있는 정력가이다.

자기가 바라는 것이라면 어떠한 희생도 아끼지 않는다. 
이 끈기와 수완을 완전히 살려서 지위를 얻는 사람이다. 
대인관계는 담백하므로 모두에게서 호감을 얻는다. 

문학가의 중진이나 화려한 역은 아니지만 연기가 좋아 부인들에게 인기를 끄는 예술인들이 이 달 태생에 많은 것 같다.

또 이 달 태생의 사람에게는 돈을 빌리는데 명인이 많은 것 같다.

한편 하는 일에 다소 모자라는 점이 때때로 있어 이것이 동화적인 매력으로 되는 수가 있다. 
동생들을 데리고 놀이터에 가서도 우선 자기가 먼저 여러가지 오락기구를 즐기며 논다. 
아이들이 [형! 이제 가자]라고 말을 해도 [조금 더 있다가]하며 돌아갈 것을 끈다.

여성은 데이트가 끝난 후 반드시 [즐거웠어요?]하고 묻는 버릇이 있다. 
남편의 몸에 관한 것은 말하지 않으면 눈치를 채지 못하는 점이 있다. 

소띠의 10월생 남성과는 이런 점이 도리어 플러스가 되는 궁합의 좋은 점이 있다.
남편은 마누라에 깔려서 살고 있어도 그렇게 느끼지 않는 사람이다. 
제 아무리 바가지를 긁어대도 한 템포 늦춰진 멍청한 대답이며 능구렁이 같이 이리저리 피하기만 한다.
닭띠의 11월생, 개띠의 7월생 여성과 궁합이 맞는다.
","辰","丑",12
"십일월 말띠의 성향 - 천척이 적은 고독하게 자란 사람이다.

그리고 아는 사람이 없는 곳에서 살 운수를 갖고 있다. 
여성은 고향을 멀리한 사람과 결혼한다. 
남성은 집안 계통이 없는 홀가분한 탓으로 양자가 되거나 혹은 장녀와 결혼해서 처가집에서 살게 된다. 
양쪽이 모두 주위에 의존할 사람이 적기 때문에 부부가 서로 
마음이 통하는 따뜻한 가정을 만들며 안정된 생활을 할 수 있다.

이 달 태생의 사람은 현상태에 만족하는 마음이 있다. 
불만이야말로 진보의 첫걸음이라는 기분을 갖기 바란다. 
그러한 의미에서도 회사나 사업에서 짝을 짖는 사람은 성질이 사나운 사람을 택하는 것이 당신의 실력을 발휘할 수가 있다.
예술 분야나 개개의 분야에서 챔피온의 자리를 굳히고 있는 사람들이 많다.
이 달 출생의 사람은 원래 행동력이 감추어져 있으나 일단 일을 하면 보통사람 이상으로 할 수 있는 실력이 있는 것이다. 
게으른 성질과 느리게 하는 버릇이 이것을 덮어 숨기고 있다.

궁합은 이러한 면에서 보아 남성은 소띠의 2월생, 범띠의 2월생의 여성과 맞다.
여성은 양띠의 3월생, 개띠의 5월생 남성과 맞는다.

결혼은 의외로 주위에서 소개하는 상대를 승낙하게 되지만 내심은 자기의 이미지에 맞는 사람, 같이 고락을 나눌 수 있는 상대를 바라고 있다. 
또 이것이 결과적으로 행복을 갖다준다.","午","子",35
"십일월 양띠의 성향 - 머리의 회전이 빠르고 말재간이 있고 정확한 판단력을 가지며 무엇을 시켜도 요령있게 잘 정리한다.

단 행동이 충격적이며 마음이 변하기 쉬운 것이 걱정이다. 
아침 출근할 때 조금이라도 기분이 나쁘면 반대방향의 차에 올라타고 어디론가로 증발해서 저녁에 돌연 나타나는 일도 있다. 
또 이상한 버릇, 이상한 행동이 많고 가장 높은 굴뚝에 올라가든가 밥에 설탕을 섞어서 먹든가 여장을 하고 외출하는 등 여러가지이다.
주위에서도 본인의 능력을 봐서 다소 제멋대로의 행동을 눈감아주게 되지만 은행이나 관청 등 딱딱한 근무직은 맞지가 않을 것이다.
하려고 생각하면 남 이상의 일을 할 수있다는 자신도 도리어 재난을 초래하고 있는 것 같다.

이 달의 여성이 특별히 주의하지 않으면 안 될 일은 말이다.
흥이 나면 말하지 않아도 될 말을 재미있고 우습게 떠들어대는 것이다.
그러나 당신의 순진한 장난기나 화려한 분위기에 끌려서 데이트를 신청하는 남자가 상당히 많지만 막상 결혼하려고 하면 중매로 결정하게 되기 쉽다.

말띠의 4월생 남성이면 당신의 성격적 단점을 충분히 커버해 줄 것이다.
남성은 항상미소와 유머를 잊지 않는 범띠의 4월생 여성이면 그만 일 것이다.

이 달 태생에는 정계의 거물에서 예능계의 거물들이 많은 거 같다.","未","子",47
"십일월 닭띠의 성향 - 나이 들어도 순수한 어린이의 마음, 감수성을 잃지 않는 사람이다.
그리고 호기심에 가득차 있다.

40세가 되어도 안데르센의 동화를 다시 보고 마음속으로 감동한다.
간단한 마술에 맥없이 걸려들어 백화점의 매점에서 반나절이나 즐기는 사람이다. 
사람에게 농락을 당하면 화가 머리끝까지 올라서 결사적으로 반론하는 태도는 상당히 애교가 있다.
또 몰래 UFO연구회 회원이 되는 일도 있다.

남성은 애정문제에 극단적으로 담백하며 중성이 아닌가 생각할 정도이다.
독신주의자가 많은 것도 특징이다.
그러나 만일 결혼하면 위트와 유우머에 찬 따뜻한 가정을 만들 것이다.

여성은 남성과는 반대로 이성에 관해서 대단히 관심이 많다.
젖은 듯한 광택있는 피부에는 잘 보면 솜털이 밀생하고 있어 섹스어필을 발산하고 있는 사람을 많이 볼 수가 있다.

말띠의 8월생 남성이면 마음놓고 몸을 맡길 수가 있다.
남성은 용띠의 4월생 여성과 최고의 궁합이다.

유명한 배우들이 이 달 태생이다.
","酉","子",71
"구월용띠의 성향 - 자신가이다. 

사색력, 행동력 모두 충분하며 무엇을 시켜도 파탄이 없다. 
특히 경제관념이 발달되어 있는 것이 특징이다. 
용돈을 모았다가 부모님께 빌려주고 이자를 요구하는 어린이는 대체로 이 달 태생이다.

남성이면 학교는 상과 경영학과를 선택하고 데이트나 스포츠엔 눈길을 전혀 돌리지않고 돈 벌 연구에만 몰두한다. 
이 사람의 차와 충돌이라도 했다면 시세의 5배 정도의 청구서를 받을지도 모를 정도이다.
절대로 가난한 것은 싫다라는 여성에게는 안성맞춤의 남성이라고 할 수 있다.

이 달의 여성도 철저한 현실가이며 사춘기 특유의 로맨틱한 꿈, 고상한 취미, 무상한 사람 등은 이 사람에게는 전혀 인연이 없는 존재이다. 
음악회에서 베토벤의 제 9 심포니가 최고조에 달했을 때 자고 있던 눈을 뜨고 옆에 있는 애인의 소매를 잡아당기면서 [저 북...고양이 가죽으로 만들었나요?] 하며 진실한 얼굴로 묻는 여성이다.

재능이 있고 거짓이 없으며 돈 씀씀이에 헛됨이 없다. 
단 화장이나 화장품, 데이트에는 돈을 아끼지 않으므로 빠르면 10대에서 좋은 배우자를 만나게 된다. 
소프트 무드한 인텔리 남성이 좋을 것이다.

궁합은 범띠의 정월 태생인 남성이 최고이다. 
남성은 쥐띠의 5월생 여성과 잘 맞는다.","辰","戌",9
"일월 토끼띠의 성향 - 토끼띠에 특유한 자기 구멍에 틀어박히는, 틀이 좁은 성질은 없다.

반대로 비교적 자유롭게 행동하는 사람이다.  
이것은 전해의 범의 영향을 대단히 강하게 받고있기 때문이다.
그러나 절대로 들뜬 행동은 하지 않는다. 
친절심이 강한 것도 특징이다.

속치마가 보이면 바로 망설임 없이 주의를 준다. 
그러나 주의를 받은 본인이 창피해서 얼굴을 붉히지 않도록 조심할 필요가 있을 것이다.
또 앞에 가는 차가 문을 열고 가면 반드시 쫓아가서 [문이 열렸어요] 하고 소리를 지르는 것도 이 달의 사람이다.
이 친절성이 신뢰되어 연회석에서나 여행계에서도 훌륭하게 해 낼 것이다.

여성은 친절한데다 조심성이 깊다. 
또 남녀 모두 저축심이 세다는 것도 하나의 특징이다. 
어떠한 적은 월급에서도 그 것에서 저축해 두지 않으면 마음이 편치가 않다.

궁합은 남성이면 가정생활에는 잔소리를 하지 않는 타입이므로 열심히 가정을 지킬 수 있는 양띠의 8월생, 토끼띠의 12월생 여성이 좋을 것이다.

여성은 뱀띠의 3월생 남성이 가장 적합하다.","卯","寅",133
"유월 토끼띠의 성향 - 자기 희생을 아끼지 않고 어디까지나 정직, 솔직하게 일을 해 내는 타입이다.

단 좀 소심한 점이 있으므로 때로는 의혹이나 초조감에 사로잡힐 때가 있다. 
한층 더 대담한 마음을 갖는 것이 좋을 것이다.

이 달의 사람은 여러가지 일에 손을 대는 것보다는 
우선 자기가 전문으로 할 것을 결정하고 이것에 전심전력을 기울이는 생활방식을 취하여야 한다. 
이렇게 하면 반드시 길을 열 수 있는 사람이다. 
장래의 계획을 정확히 정한 후에 진학, 지망을 결정하는 것이 특히 중요하다.

이 달의 여성은 어떠한 일에도 사람의 의견을 듣지 않으면 마음이 놓이지 않는 사람이다.  
화장지를 사는데도 청색을 살까요, 황색을 살까요 하고 남편에게 의논한다. 
애정면에서도 신경질적인 면이 있다

궁합으로서는 여성의 경우 어떠한 상대와 결합해도 자주 푸념을 말하는 사람이다. 
그러나 마음속에서는 좋으므로 푸념은 단지 상대의 표면적인 일에 관한 것이므로 상대를 택할 때는 푸념을 하지 않아도 되는 표면적으로도 약점이 없는 사람을 찾는 것이다.
닭띠의 3월생 남성이면 좋을 것이다. 
남성은 양띠의 10월생 여성이 아주 좋다.","卯","未",138
"이월 뱀띠의 성향 - 쉬 더웁고 쉬 식는 성격이다.

일을 할 때에는 단숨에 하지만 쉽게 싫증이 나고 해이해지는 시기가 있다. 
어리광쟁이로서 고집이 있으며 기분파적인 성향도 있다.
변덕기를 콘트롤하고 고집을 억제하면 파이트가 있는 만큼 30세 전부터 두각을 나타낸다. 
경제적으로는 중류정도의 생활은 할 수가 있으나 재산이 남아 돌아가는 일은 없을것이다.

이 달 태생은 예능계나 문학계에서 활약하는 사람들이 많이 눈에 띈다.

남성은 가정에서도 고집쟁이다. 
그러나 밖에서는 분투 노력해서 가정의 경제를 풍부하게 하려고 하므로 좋은 가정을 만들수가 있다.
그러하니 따뜻하게 감싸 줄 모성적인 여성을 요구하므로 토끼띠의 3월생이 맞는다. 

여성은 결혼과 자기의 취미를 동시에 살리고 싶어하므로 이것을 승낙할 수 있는 경제적, 관대성을 갖는 
범띠의 4월생, 돼지띠의 정월생 남성이 맞는다.

또한, 2월 태생의 사람 중에는 때로는 초능력계통의 특이한 재능의 소유자가 있다. 
외국어를 1주일안에 마스터하거나 억 단위의 암산을 몇 초에 해내거나 10년 후의 현실을 틀림없이 맞히거나 어딘가 보통 사람에게는 없는 능력을 구비하고 있다.
말하자면 초능력자이지만 이 특이한 능력도 실연, 결혼, 혹은 교통사고등의 사건에 부딪히면 자연히 없어지고 만다.
","巳","卯",14
"칠월 뱀띠의 성향 - 다른 사람에게 자기를 맞출 수 있는 유연성의 소유자이다.

그러나 내면에는 강한 자기주장을 갖고 있고 결벽성을 소중히 한다. 
섬세한 감각을 갖고 있다. 
일하는 면에서는 표면에는 나서지 않지만 중심이 될 존재이다.

이 달의 태생에는 여배우, 가수들이 많다. 
무엇을 시켜도 계획성이 있어 면밀하게 일을 하는 사람이다. 
전면으로 나서지 않는 만큼 독립하고 싶다.
다른직업을 갖고싶다는 희망을 언제나 품고 있지만 전직은 하지 않으며 언제나 새로운 것을 만들어내는 일을 한다면 이 욕구는 해소된다.

여성은 배우자를 택할 때 신경이 날카롭고 여성적인 남성을 피해야 한다.
당신은 부엌일의 자그마한 일에 일일이 간섭을 당하면 성을 내게되고 상대를 다시는 보기 싫어지게 되는 사람이기 때문이다.
일이 첫째요, 가정은 휴식처이니 일체 간섭을 하지 않는다는 생각을 가진다.

닭띠의 정월생, 범띠의 10월생이 좋을 것이다. 
특히 첫애기는 될수록 일찍 낳는 것이 좋다. 
남성은 내면에 숨긴 자기주장을 가정에서 쏟는 버릇이 있으므로 역시 모든 일에 말을 하지 않는 겸손한 여성과 결혼하여야 한다.
범띠의 2월생은 이상적이다.
","巳","申",19
"일월 말띠의 성향 - 아직 전해의 뱀해의 성격이 거의 그대로 남아 있고 총명성과 끈기가 강한 것을 함께 갖고있다.

1회나 2회의 실패에는 좌절하지 않고 그전의 배만큼 파이트와 연구로 자기의 의지를 관통시킨다.
이 달에 태어난 사람 중에서는 여류의 대작가나 예능계의 명성 높은 사람들이 모두 불굴의 투지로 성공한 사람들이다.

직속 상관에게는 고집이 세어 좋지 않지만 그보다 윗 사람에게 사태를 판단하는 능력이 있으므로 물러갈 임박시의 한계를 알고 있으므로 실패는 적은 편이다.

일상생활에서는 정말 착실하다. 
약속시간에는 반드시 5분전에 모습을 보여 이성에게는 이 착실성이 어딘가 부담이 된다.
25세전에 헤어지는 대부분의 연애는 여기에 원인이 있다. 
자기에게는 엄격하지만 타인에게는 관대성을 갖는 여유가 바람직하다.

궁합을 보면 남성은 소띠의 9월생, 돼지띠의 11월생 여성이 좋지만 
이 여성은 자기 고집대로 하고 싶은 타입이므로 자기의 주관을 바꾸어서 만족을 주는 연구가 필요하다.

여성은 세상의 상식에서 좀 벗어난 생활방식의 남성과 맞는다.
돼지띠의 5월생, 용띠의 4월생에 이러한 사람이 보인다. 
단 이짝은 돈이 모이지 않는 짝이다.
","午","寅",25
"유월 말띠의 성향 - 화려한 스포트라이트를 받는 운수를 갖고 있다.

무대이면 간판스타, 인생에서도 항상 주목을 받고 제 1선에서 활약하는 사람이다. 
개성적인 용모로 세련된 섹스어필을 몸 가득히 느끼게한다.
여성도 몸집이 작으면서 윤곽이 또렷한 눈 코의 맵씨가 개성적인 아름다움으로 사람의 눈을 끈다. 
자기 자신의 재능을 표현하는 예술, 예능, 혹은 회사의 선전관계 등 모든 일을 발전시키는 일에 관계한 직무로 성공한다.
대체로 배우 출신으로서 성공한 사람이 이 달의 전형적인 태생의 사람이다.

이와 같은 성격이므로 낭비가인 것은 피할 길이 없다. 
필요한 것이 있으면 충동적으로 사버린다. 
그러나 35세가 지나면 젊었을 때에 낭비한 것이 의외로 정신적인 재산으로서 몸에 남아 있다.

궁합은 남성은 양띠의 정월생, 개띠의 2월생 여성과 맞는다.
돈이 있으면 있는 대로 없을 때에는 없는대로 언제나 가족에게 마음의 풍부성을 잃지않게 하는 유연성이 있는 여성이다.

여성은 연상인 양띠의 7월생, 원숭이띠의 3월생 남성이 맞는다.
연령은 너무 차이가 있으나 그 만큼 경제력이 있고 정신적으로는 젊음을 가진 사람이다. 
연령이 비슷한 결혼은 당신의 젊음을 빨리 잃을 염려가 있다.

또한 이 달의 사람은 신문, 보도 관계에 적합하다.
","午","未",30
"시월 말띠의 성향 - 모든 일을 완성시키는 역할을 담당하여 성공하는 사람이다.

다른 사람이 생각해 낸 힌트에 자기의 계책을 합쳐서 제품화한거나 구체적인 행동계획으로 정리하는 것이다. 
이와같이 치밀한 생각과 생명이 긴 사람이라 할 수 있다. 
그러나 자기가 독립할 운수는 갖고있지 않으므로 좋은 보스를 섬기고 조역으로서 중요시하게 된다. 
또한 부모의 지반과 정신적 유산을 이어 받는다.

취미에 열을 올리는 사람이며 특히 스테레오에 열중하면 자기방을 스테레오룸으로 설계 개조할 정도로 철저하다.
또 깨끗한 것을 좋아하여 어릴때부터 자기의 속옷은 남에게 빨지않게하는 결벽성을 갖고 있다.
인간적인 매력도 있고 친절심도 있지만 등한시하는 기가 있어 자기에게 힌트를 준 사람의 일을 잊어버리기가 쉽다. 
이런 일이 돌고 돌아서 뜻밖의 일에서 좌절을 초래하게 된다.

가정의 평화를 지속하기가 곤란한 운수이므로 부부가 함께 생각할 수 있는 같은 레벨의 교육을 받은 짝을 지울 것.

남자는 범띠나 양띠의 3월생과 12월생 여성이 좋다.
여성은 소띠의 6월생, 뱀띠의 11월생 남성이 좋은 짝이 된다.","午","亥",34
"사월 양띠의 성향 - 사색과 고독을 사랑하며 자기의 시간을 남에게 간섭받는 것을 싫어한다.

특히 이과 수학과에 강하고 문답풀이나 수학이론의 책도 줄줄 읽고 내용의 잘못을 발견하고 혼자 기뻐하기도 한다.
이러한 상태이므로 이 달의 남성은 될 수 있으면 학자, 교사, 연구자, 기술자 등의 길을 택하는 것이 좋을 것이다. 문학평론가나 카운셀러가 이 달의 태생에 많다.
그러나 융통성이 없는 학자타입의 이러한 사람도 술이 들어가면 일변하게 된다.  
말이 많아지고 해부학적인 얘기를 줄줄 떠들어 댄다. 
술이 깨면 이제까지 한 일을 전혀 잊고 있다.

여성은 취미가 주로 클래식 음악, 순문학 전문이다. 
속옷만 입고 텔레비젼을 보고있는 아버지를 품위 없다고 말로 공격하고, 짙은 화장을 한 엄마를 보고 눈살을 찌푸리는 성격이다.
그룹으로 번화가를 방황하거나 다방에 죽치고 앉아있는 친구들을 보고 어리게 보며 멸시한다. 
그러면서도 세상을 모르고 내용이 없는 예술가 타입의 남자에게 걸려서 혼이 나는 약점이 있다.

이성과의 교제는 처음에는 좀처럼 사귀기가 힘들지만 사귀게 되면 대담하게 되어 남자를 놀라게 할 떄가 있다.

용띠의 3월생 남성이면 당신의 나이브한 감각을 잘 이해해 줄 것이다.
남성은 닭띠의 6월생 여성이면 궁합이 딱 맞는다.","未","巳",40
"구월 양띠의 성향 - 능력도 있고 무엇이든 착실하게 착수하지만 어디까지나 완전하게 하려고 하므로 계획이 무산으로 끝나기 쉽다.

의욕이 있어도 에너지의 소비가 많고 결과가 따라주지 않는 것이다.
특히 젊었을 때는 그다지 덕을 보지 못한다. 
신경질적이고 소심하여 조그만 실패에 언제까지나 걱정에 사로잡혀 있다. 
사원들의 연회석에서 술에 취한 기세로 상사에게 대들고 간부들을 곤란하게 만드는 것은 이 달 태생의 남자에게 많은 것 같다. 
배우자로서는 명랑하고 일에 구애받지 않는 좋게 자라난 여성을 택하도록 한다.

이 달의 여성은 미인이라기보다 다정하고 사람을 좋아하는 타입이며 예술론에 눈을 반짝이며 열심히 듣고 아주 감탄한다.
[나는 머리가 나쁘니까] 든가 [나는 교양이 없으므로] 라는 것이 말버릇이며 상대에게 안심감과 지적 우월감을 주는 것이다.
그러나 일단 결혼하면 예술도 철학도 싹 잊어버리고 텔레비젼의 아슬아슬한 드라마와 동네의 소문에 열중하는 경향이 있다.
또한 결혼하면서 갑자기 식사를 많이하게 되므로 뚱뚱해지는 것과 혈압에 주의하기 바란다.

남성은 얌전하고 사소한 일에 근심하지 않는 말띠의 2월생 여성과 결혼하면 행복하게 된다. 
여성은 머리가 좋고 감각이 예민한 쥐띠의 2월생 남성을 잡도록 하기 바란다.","未","戌",45
"삼월 원숭이띠의 성향 - 몸가짐이 좋은 사람이다.

손수건은 언제나 스페어를 갖고 있고 루즈를 닦은 것은 절대로 사람눈에 띄지 않게 하는 조심성이 있는 사람이다. 
남성은 몸차림은 물론 내의에도 돈을 소비하는 타입이다.

일보다는 취미를 사랑하는 인생관을 갖고 있다.
그렇다고 물론 일을 소흘히 하는 것은 아니며 빈틈없이 일을 하는 타입이다.
출세욕 같은 것은 전혀 없는데 그 확실성은 인정받아 쉽게 승진하는 운수이다.
그룹 등에서도 될수록 겸손하게 처신하며 중요한 포지션을 꼭 맡도록 추대받는다. 
아름다운 것을 사랑하는 마음이 바람기에도 통한다는 것이 결점일 것이다.

특히 30세가 지나면서 이성과의 관계가 생긴다.
열렬한 연애는 아니지만 깊이 들어간 탓으로 1년이나 2년으로는 그치지 않는 관계가 된다.

여성은 넓은 마음속에서도 때때로 세차게 행동하는 깊이 있는 남성인 쥐띠의 12월생, 토끼띠의 10월생 남성과 궁합이 맞는다.
남성은 너무 글래머한 여성은 좋아하지 않고 동양적인 몸가짐을 가진 양띠의 11월생, 말띠의 6월생 여성과 궁합이 맞는다.","申","辰",51
"팔월 원숭이띠의 성향 - 의리가 굳고 예의가 바른 생활을 하고있다.

한밤중에 차가 한대도 안다니지 않는 길에서도 교통신호를 꼭 지킨다.
기획성이 있고 개최행사나 신제품의 판매 켐페인 플랜을 작성시키면 그 위에 오를 자가 없을 정도이다. 
한편 일상생활에서는 천진함, 장난기를 잃지 않고 있다.

이 성격에 예술성과 세밀한 계산을 결부시킨 것이 서스펜스 영화의 대가 알프레드 히치콕이다.
공원의 벤치에서 옆자리에 앉은 첫대면의 여성으로부터 도시락을 절반 나누어 받아서 먹는 사람이 
이 달 태생의 남자이다. 
전철역에서 정기권을 살짝 내밀어서 잘 보이지 않게 하고 직원으로부터 불리움을 당했을 떄 반대로 역원에게 골탕을 먹이고서 좋아하는 장난꾸러기이기도 하다.
여성은 건전 그 자체의 인생관을 가지며 밤늦게 영업에 종사하는 것을 아주 싫어한다. 
애인과 팔짱을 끼고 밤새 산책하는 것이 성미에 맞는다.

궁합을 보면 여성은 건전한 생활력이 있는 남성과 아주 튼튼한 가정을 만들어서 행복하게 산다.
소띠의 3월생 돼지띠의 11월생의 남자가 이러한 상대이다. 
남성은 위트를 이해하고 생활 속에 농담을 끌어 넣을 수 있는 여성과 궁합이 맞는다. 
범띠의 10월생, 원숭이띠의 5월생 사람은 서로가 잘 이해해 줄 것이다.","申","酉",56
"십일월 원숭이띠의 성향 - 주어진 틀 속에 파묻히는 것을 싫어하는 반역자 타입이다.

일류 코스의 학교를 나왔으면서도 취직은 소자본가의 중소기업을 과감히 택한다. 
실력은 충분히 갖고 있으므로 당연히 빨리 두각을 나타낸다.

명문의 집안에 태어났으면서도 구태어 영화계에서 새로운 생활을 구한것 같은 점은 그야말로 반역이라 하겠지만 이것으로 크게 성장하는 사람도 있다.
또 잔혹한 무드를 담은 소설로써 새로운 분야를 개척하는 작가 중에서 본업은 경제학의 교수였던 사람도 있다. 
전혀 다른 곳에서 자기의 가능성을 개발하고 있다.

이 달 태생의 여성에는 목줄기가 겨드랑이에 약간의 자극으로 즉시 반응을 나타내는 민감성을 가진 사람이 많은 것 같다.

궁합은 여성이면 맞벌이를 이해하고 가사에 과대한 요구를 하지 않는 남성이 맞는다. 
쥐띠의 3월생, 범띠의 2월생이 이러한 사람이다.
남성은 가정을 확실하게 지키고 가사나 어린애에 대한 남편의 소임을 무언중에 느낄 수가 있는 양띠의 8월생, 돼지띠의 4월생 여성이 맞는다.

20대 후반에서 간장, 위 등에 병이 생기는 일이 많은 것 같다.","申","子",59
"이월 닭띠의 성향 - 자유를 좋아하고 어떠한 이유로서의 속박도 싫어하는 사람이다.

그만큼 고집부리는 사람이라 생각되는 일도 많다. 
분명히 손해라는 것을 알고 있으면서도 타협을 하지 않는다. 
실제로는 항상 자기 반성을 게을이하지 않고 자기에 대한 비판도 충분히 조사하고 있지만 자신이 수그러지는 것이 화가 나는 것이다. 
적어도 자기의 성을 하나 쌓고 이것을 어디까지나 지키려는 타입이다.

복장에는 상당히 마음을 쓴다. 그리고 형식적인 것보다 오히려 내용적이면서도 기발한 스타일의 것을 훌륭하게 입는다. 
격식이 높은 호텔의 식당에 원색의 스웨타를 입고 들어가도 보이가 제지하지 않는 사람이다.
바에 한복차림으로 들어가지만 이것도 형식적인 습관을 무시하려는 잠재적인 욕망의 표현일 때가 많은 것 같다.
덥수룩한 수염의 작가나 영화감독에 이 달의 출생이 많다.

이 달의 남성은 이성에 대한 집착심이 이상하게 강하며 미련을 남기게 하는 일은 누구보다 위이다.
젊었을 떄 경제적으로 독립하는 운수이지만 이것도 흔히 몇사람의 여성의 피와 눈물의 덕분일 때가 많은 것 같다. 

궁합이 좋은 여성은 쥐띠의 8월생이고 여자는 용띠의 6월생, 돼지띠의 9월생 남성이 좋다.","酉","卯",62
"칠월 닭띠의 성향 - 마음이 바빠서 침착성이 없는 사람이다.

머리의 회전이 빠르므로 이것 저것 계속적으로 생각이 떠오르고 또 이것을 실행하므로 주위에서 보면 분주하게 보이는 것이다.
사상이나 패션에서도 여하간 새로운 것에는 욕심을 내서 달라붙는다. 
그러나 동시에 식기 쉬운 것도 특징이다.

기분 좋을 때는 친밀감이 있는 웃는 얼굴을 보이지만 일단 화를 내면 입을 다물고 말을 걸어도 제대로 대답을 하지 않는다. 
소위 감정의 물결이 심한 사람이다.

20세까지는 아무일 없이 무사히 성장하지만 20대 전반에 양친 곁을 떠나서 혼자 고생할 때가 있다. 
이 때의 정신적인 고생이 30세 이후 성공의 커다란 요인이 된다.
직업은 약간 투기적인 성격을 띤 것이 맞는다. 무역업, 흥행, 출판의 프로듀서 등이 좋을 것이다.

애정은 보통사람 이상으로 깊고 세밀하다. 
단 미적관심이 강하므로 상대도 외견적으로 아름다운 사람을 택한다.

궁합은 여성이면 포용력이 있고 감각적인 소띠의 12월생 남성이 좋다.
남성이면 말띠의 3월생 여성이면 아주 좋다.","酉","申",67
"일월 개띠의 성향 - 전해의 닭띠의 성격이 강하게 남아있다.

이 달 태생의 사람에게는 태평스러운 마음과 정이 두터운 다정성이 있다.
화려하게 출발하는 운수는 아니지만 꾸준히 노력을 쌓고 끈기로 자기자신의 운을 확실하게 잡아가는 사람이다.

편집, 교사, 기술자 등을 경험을 쌓고 발전해 간다. 
저축심이 왕성하여 어린시절부터 용돈을 저축해서 형이나 누나에게 빌려주는 착실성을 발휘하고 있다.
첫 월급부터 계획적으로 공제예금을 시작해서 결혼할 때까지 절대로 남에게 손을 벌리지 않는다.
또 정리하는 것을 좋아하며 난잡한 것을 싫어한다. 
자기 책상 위의 정리만으로 모자라서 남편의 소지품을 함부로 정리하거나 포켓의 정리를 해서 싸움의 원인될 지도 모른다.

애정에는 신중성이 눈에 띈다. 
시간이 걸려도 서둘지 않고 마음이 결정 될 때까지 꾹 참고 있다. 
그러하므로 융통성이 없는 것도 되어 연령차가 없는 연애에서는 트러블이 생기는 일이 많은 것이다.

또 이 달 태생의 여성은 더러워진 커튼, 정리정돈이 되어있지 않은 방에서는 강한 환멸을 느낀다. 
방으로 초대할 때는 정성껏 청소를 하여야 한다.

궁합은 여성은 포용력이 풍부한 토끼띠의 4월, 10월생 양띠의 정월생 남성이 좋고 남성은 감수성이 예민한 용띠의 4월생, 닭띠의 10월생 여성과 맞는다.
","戌","寅",73
"오월 개띠의 성향 - 회전이 빠른 두뇌와 대인관계가 좋은 인품이 뛰어난 점이다.

돈이없어 죽을 먹거나 남을 이용해도 털어놓고 하는 행동이므로 도리어 애교로 보이게 된다.
선두에 서서 사람을 이끌 타입이 아니고 비서역에 맞는 소질이다.
젊었을 때부터 무리를 하지않고 순조롭게 발전하는 것을 기다리고 있지만 30세가 지나서는 사람이 좋다는 것만으로는 통하지 않게 된다.
쓴 물도 참고 마실 수 있을 만큼의 폭 넓은 마음이 요구되는 것이다.

여성은 알레르기 체질이다. 
특히 피부는 꽃가루에 예민하므로 밤꽃이나 서향나무꽃 등 꽃가루가 날아다니기 쉬운 꽃에는 주의하기 바란다.

얼굴은 작고 갸름한 얼굴형이며 모자가 잘 어울리는 자신을 갖고 있다. 
그런데 남자친구는 모자를 그다지 좋아하지 않는 것 같다.

남성은 자기 생각대로 움직여주는 여성을 좋아하는 독재남편형이다.
말띠의 4월, 10월생, 개띠의 6월생 여성이라면 고집을 받아들이면서 가정 내의 질서를 부드럽게 유지해 나가는 궁합이 좋은 짝이 될 것이다.

여성은 남편에게 힘쓰는 타입이며 의식하지 않고 일의 능률을 올리는 조건을 만들 수 있는 처가 된다.
용띠의 4월생, 돼지띠의 12월생은 이것에 알맞는 궁합의 남성이다.","戌","午",77
"시월 개띠의 성향 - 직선적인 행동이 많은 사람이다.

정직,친절,총명성과 개띠의 성격인 밝은 면을 강하게 갖고 있다.
작곡가, 여성가수들이 이 달의 태생에 많다. 
사교가 능숙하고 전체를 볼 때 플러스 마이너스를 구분하는 감각이 잘 발달되어 있다.
언제나 햇살이 비치는 장소를 걸을 수가 있는 밝은 운수가 따라다니고 있다.

여성은 동네 사람과 애정이 깊다.
이 달 태생의 사람은 일상생활이 검소하지만 호텔의 그릴에서 요리를 먹거나 밍크코트를 걸쳐도 이상하게도 분위기에 꼭 맞는 무드를 갖고 있다.
당신의 성격으로는 절약해서 쓴다는 것보다는 쓰고 싶은만큼 일 한다는 생각이 맞는다.
결혼은 비슷한 성격 상대가 좋을 것이다. 
서로가 속박하는 일 없이 자유롭게 재능을 발휘해서 직업을 갖고 살아나감으로써 부부의 결합이 깊어진다.

여성은 뱀띠의 6월생, 닭띠의12월생 남성과 맞고, 남성은 뱀띠의 7월생 닭띠의 10월생 여성과 궁합이 맞는다. 
연애, 결혼은 잘 아는 사이의 경우가 많다.

또한 이 달의 사람은 순수한 학문탐구 생활로 새로운 분야를 개척할 가능성이 있다.","戌","亥",82
"사월 돼지띠의 성향 - 학창시절에는 그룹에서 제일 먼저 결혼할 것이라고 하였는데도 좀처럼 결혼을 할 수가 없어 결국 꼴찌가 되는 신세이다.

사람의 마음을 상하게 하지 않는 회화의 재간, 세련된 매너, 솔직한 성격이 갖추어져 있으면서도 혼기에 늦는 것은 학창시절 연애가 열매를 맺지 못하고 그친 이래 결단력을 잃었기 때문이다.
스타트는 순조롭지만 앞으로 나갈 수가 없고 초조한 이성관계가 사라져갔다는 교제를 몇번은 했을 것이다.

남성에는 호언장담을 할 만큼의 파이팅이 있는 사람이 많은 것 같다.
그만큼 자신만만하게 책임을 진 일을 도중에 내던지는 일은 하지 않는다.

커피에는 여하간 까다로운 사람이다. 
잘못해서 인스턴트 커피를 보냈다가는 큰일이다. 
콩도 자신이 갈아서 블랜드한 것이 아니면 마음이 놓이지 않는다.

궁합을 보면 여성의 표면은 온순한 것 같지만 속은 강한 점을 가진 범띠의 3월생, 용띠의 9월생 남성이 맞는다. 
남성은 자기보다 강한 성격의 여성과는 결혼하지 않으려고 한다. 
역시 마음에 중심이 강한 성격을 품은 뱀띠의 5월생 , 양띠의 9월생이 맞을 것이다.

이 달 태생에는 가수가 가장 많은 것 같다.","亥","巳",88
"구월 돼지띠의 성향 - 섬세한 신경을 갖고 있다.

그런데 자기의 구두를 닦는 것과 회사의 중대사를 결정하는 것을 같은 신경을 소비하면서 착수하므로 대단히 지치기 쉬운 사람이다. 
체력이 소모되면 월요병에 걸리는 전형적인 타입이다.
여하간에 수면제나 정신안정제의 신세를 지기 쉽다. 
그룹활동에서는 적극적으로 참가해서 주위에서의 밝은 자극을 받으면 자신을 갖게 될 것이다.

손재간은 대단한 사람이다. 여성은 수예의 선생을 할 정도이다. 
작품은 간직해두지 않고 친구들에게 싸게 선물하는 사람이다. 
이것이 예기치않은 PR이 되어 아르바이트의 일이 생기게 된다.

남성은 미니어쳐,프리모델 매니아다. 
단지 예쁘게 만드는 것만이 아니라 색을 칠하는 법에 의문이 있으면 자료를 철저하게 찾아서 확인하지 않으면 칠을 하지 않는다. 
나중에 고치면 되겠지 하는 식의 방법은 하지 않는다.
이렇게 섬세하며 신경질인 타입인만큼 일처리는 빠르고 정확한 사람과 궁합이 좋은 것이다.

여성에게는 쥐띠의 7월생, 원숭이띠의 12월생 남성이 좋고 
남성에게는 양띠의 6월생,  원숭이띠의 정월생 여성이 맞는다. 

연애를 하면 주위를 보지 못하는 사람이지만 5년이상 교제한 친구들의 의견을 존중하기 바란다.","亥","戌",93
"이월용띠의 성향 - 이 달의 태생은 추리력이 풍부하고 서재에 들어앉아 차분히 자기 생각을 발전시키는 동시에 이와같은 이론성을 실지로 응용하려는 적극성도 있다.

남녀 모두 온순하며 낙천적이고 친철성이 충만하다.

이 달의 여성은 겉 보기에는 이지적이며 새침한 느낌이 들지만 실제로 말을 해 보면 의외로 싹싹하고 겸손하다. 
그리고 잠깐 사귀에서는 알 수가 없지만 어딘가 마을을 잡을 수가 없고 정체를 알 수 없는 일면을 간직하고 있다. 
10년이나 사귄 친구로부터 [당신은 때때로 알 수가 없다] 라고 흔히 말하게 되는 사람이다. 
별로 이상한 말을 하거나 행동을 하는 것은 아니지만 같은 것이라도 이사람이 말하면 신선하고 신비롭게 느끼게 되는 것이다. 

넓은 어께와 두꺼운 가슴, 왕성한 생활력에 넘친 실천형의 남성과 결합될 것이다.
당신의 연출은 신비적인 무드가 만점이다. 
남성은 처음부터 끝까지 감미로운 한마디로 그치는 한 때를 지내게 될 것이다.

궁합이 맞는 것은 양띠의 정월생 남성이다. 
또 남성은 닭띠의 5월생 여성이 좋다.
또한 척추 관계의 병에는 주의하기 바란다.","辰","卯",2
"사월용띠의 성향 - 의지가 장하고 성격이 쾌할하고 작은 일에는 구애받지 않는 반면에 면밀하고 섬세한 점이 있어 스케일이 큰 인간미가 넘치는 사람이다. 

개성파 여배우나 포크가수들이 이 달 태생이다.
자기가 목적으로 하고 있던 일을 못하게 되었을 때도 낙심하여 기력을 잃는 일이 없도록 꾹 참고 시기를 기다려서 분기하는 사람인 것이다.
감정면에서도 기복이 심하며 어떠한 일이 생기면 날뛰거나 비관하며 낙심하여 날 뛰는 사람을 많이 볼 수가 있다.

특히 이 달의 남성은 술집에서 우연히 만난 동창생들에게도 기분좋게 있는 돈을 다 쓰며 이술집 저술집으로 데리고 다니는 사람이다.
허세의 사람이므로 착실하게 가정을 지키는 여성을 찾아야 한다.

쥐띠의 7월생, 소띠의 4월생 여성이 좋을 것이다.
이 달의 여성은 폭발적인 바이텔리티의 소유자이다. 
이만한 남자라면 하고 생각하면 적극적으로 부딪치는 사람이다.
이 넘치는 에너지는 몸 전체에, 특히 묵직하게 자리잡은 위대한 엉덩이를 상징하고 있다. 
보기엔 빈약한 것 같지만 강인한 정신력을 간직한 개띠의 정월생 남성이면 완벽한 궁합이다.
","辰","巳",4
"유월용띠의 성향 - 프라이드가 높고 자기 체면을 유지하기 위해서는 물질적, 정신적 양면 어떠한 희생이 되어도 마다하지 않는다.

사람에게 대접받거나 돈을 빌리는 일에는 특별히 신경을 돋군다. 
식대의 계산을 나누어 내자고 고집부려서 선배를 골탕먹이는 남성은 대체로 이 달 태생이다. 
친한 친구한테서 3억원을 빌려 받고 법정 이자의 최고액 3000만원을 받아야 한다고 말한다.
이러한 식이므로 꼭 빠른 상태로 사회를 거닐 수는 없지만 일단 찬스를 잡으면 비약적으로 발전할 가능성이 있다.

삼중고(三重苦)의 성녀 헬렌 켈러 여사, 18세기 프랑스 사회사상가 쟝 자크루소 등이 이 달의 태생이다.
또한 이 달의 여성은 윤리감이 강하고 결백하며 경건한 크리스찬이 많은 것 같다. 
따라서 결혼 전에는 굳게 몸을 지키나 일단 결혼하면 애정을 표시하기 위해서라면 어떠한 노력도 아끼지 않는 사람이다.

궁합은 소띠의 8월생 남성과 잘 맞는다. 
남성은 밖에서 전 정력을 소모하고 돌아오므로 어리광스러운 고집을 어느 정도 들어주는 여성인 닭띠의 8월생이라면 틀림이 없을 것이다.","辰","未",6
"시월용띠의 성향 - 뛰고난 후에 생각하는 사람이다.

성실하고 용기도 있고 머리의 회전이 빠르지만 너무 직관에 의존해서 일찍 실패할 기미가 없는 것도 아니다.
입사 첫날에 출근시간을 잘못 알고 한시간이나 지각해서 점잖게 들어와선 [여러분 일찍 나오셨습니다] 하는 인사말을 할 정도이다.

숫자와 자릿수를 틀리거나 빈 남비를 한시간이나 불 위에 올려놓거나 속옷을 입은 채 목욕탕에 들어가는 등 
어딘가 실수가 많은 사람이지만 솔직하고 명랑한 성격은 누구에게나 호감을 받는다. 
그리고 이 여성의 대형 핸드백에는 대체로 한 권의 만화책이 들어있다. 

이 달의 남성에는 애정의 표현에 그다지 진실성이 없는 사람이 있다. 
여성이 조용한 분위기에 잠겨있을 때에 맥주를 마시거나 담배를 피우니 신경질적인 여성에게는 맞지가 않는다.
활동적이며 신경이 강인하고 본인의 결점을 그때 그때 교정해 주는 무성운 아내를 갖도록한다.
또 이 달의 사람은 혼자서는 잠시라도 있을 수 없는 성미이므로 손님을 좋아하며 술도 마실 수 있는 여성도 좋을 것이다. 

쥐띠의 11월생이면 그만이다.

여성은 묵직하고 마음이 너그러운 남성을 찾아야 한다. 
용띠의 정월생 남성, 이것도 12년 뒤인 용띠의 사람이 이상적이다.
또 한 이 달의 남녀는 <뛰기 전에 살핀다> 란 서양의 격언을 잘 명심해 두기 바란다.","辰","亥",10
"사월 뱀띠의 성향 - 우두머리가 될 운수를 갖고있다.

동기생보다는 2년은 빨리 승진한다. 
부장급이 될 때까지는 열심히 회사일을 하지만 그 후는 중역 코스를 밟는 사람으로 나누어진다.
여하간에 40세가 지날 때는 재산도 모았고 상류생활을 한다. 
단 자신감이 지나쳐서 다른 사람의 반감을 살 때가 있으나 여기서 물러서지 않고 자신을 보장하는 실력을 붙여서 강인하게 밀고 나가는 것이다.

이 달 태생에는 희극배우들이 많고, 여성에는 국회의원이 간혹 있다.

남성은 강인한 처세를 하므로 이것을 커버하고 교재를 원만하게 운행하도록 달래주는 아내가 가정생활에서의 궁합도 좋은 것이다. 
소띠의 8월생, 토끼띠의 11월생은 이러한 여성이다. 

여성은 연애가 깊어지는 한쪽에서는 선 볼 말이 진행된다.
궁합이 좋은 것은 원숭이띠의 4월생, 닭띠의 4월생 남성이다.
그러나 정하기 어려울 때는 연애를 끝까지 해 나가는 것이 좋다. 
젊었을 때는 경제적으로 경제적으로 덕을 보지만 결혼 5년후는 남편의 운이 열려서 보람있는 인생을 보내게 된다.

또한 어깨통, 혈액불순 냉증의 여성이 이 달 태생에 많은 것 같다.
특히 산후에는 주의하기 바란다.
","巳","巳",16
"팔월 뱀띠의 성향 -화려하고 외향적이며 변덕스럽고 음주벽으로 다채로운 성격이지만 이것이 결점이 되지 않고 오히려 사람들에게서 호감을 받는 원인이 된 것은 기본적으로 순진한 성격이기 때문이다.

이 달 태생에는 민속 예술인이나 뉴뮤직을 좋아하는 특수한 사람이 많은 것 같다. 
직관력이 뛰어나고 위험을 피해서 지나간다. 
통솔력이 있고 학교시대는 클럽활동의 리더이고 회사에 들어가서는 엘리트코스를 곧바로 달리게 된다.
남녀모두 학생시대의 연애는 결부되지 않고 30세가 지나서 재회되지만 다시 한번 불태우려고 부리나케 집으로 돌아가는 긴박한 상태로 된다.

이 달의 남성은 여성을 좋아하는 것이 시종일관하고 있다. 
키가 늘씬하고 크고, 바스트, 웨스트, 히프가 짜임새가 있고 입이 작고 눈이 크다는 어디로 보아도 현대미인의 기준 그대로의 여성을 발견하고 마음 깊이 반해버리는 것이다.

핸섬한 남성이 많으므로 이 커플의 밸런스는 더욱 현저한 것이 되어 [대도체 어디서 저런 미인을...?] 하고 친구들이 놀라게 된다. 
거기에다 결혼생활은 행복하기 그지없고 어느새 성격상의 약점을 알 수 없게 할 정도로 교양이 풍부한 여성으로 변모시키는 것이다.

남성은 마음이 강한 여성 특히 범띠의 5월생과는 맞지가 않는다. 
또한 이 달의 남성은 결혼 후 만 2년이 지나도 어린애가 없을 경우 병원에서 검사를 받을 필요가 있다.
여성은 토끼띠의 2월생 남성이 맞는다.
","巳","酉",20
"십일월 뱀띠의 성향 - 여럿이 같이 있을 때는 명랑하고 떠드나 혼자 있을 때는 내성적이며 한가지 일에 열중한다는 성격의 2중적인 면을 가지고 있다.

행동의 화려성에 비해서 비교적 차분하며 열심성의 일면에 침착성이라는 식이다. 
손가락의 재간에 빠지지만 않는다면 어떤 분야에서도 30세가 지날 무렵에는 반드시 이름을 떨칠 운수이다

이 달 태생의 사람으로는 러시아 작가인 도스토예프스키가 있다.

특이한 일면은 의외로 질투심이 강하고 신경질적인 것이다.
특히 남성에게 이 경향이 강하고 자기의 애인이 차 속에서 다른 남자와 어께가 서로 스쳐도 스친부분을 손으로 씼는다. 
이러한 세심성이 도리어 여성의 사랑을 돋을 때가 있다.

여성은 조숙하다. 
빠를 때는 5,6세 때부터 남성의 눈을 의식해서 [여자의 최대의 일은 남자의 관심을 끄는 것이다] 라는 대원칙을 직관적으로 이해하고 있다. 
소꿉동무인 남자애에게 [나에게 매력을 느끼지 않니?] 라고 말해서 상대를 놀라게 할지도 모를 것이다.

중매결혼보다 연얘결혼을 하는 것이 좋다.
단 정확성을 위해 회사의 상사, 친척사람의 의견을 3인이상 구하는 것이다.

돼지띠의 3월생 남성이라면 틀림이 없다. 
남성은 겉보기로 글래머적인 여성을 구하지 말고 성격이 넓고 조금 둔할 정도의 여성과 결혼하는 것이 좋다. 
말띠의 10월생이라면 이상적이다. 

또한 이 달의 여성은 피부가 과민한 편이다.
세수를 깨끗이 하고 함부로 화장품을 바꾸지 않을 것.","巳","子",23
"십이월 뱀띠의 성향 - 감정을 솔직하게 표현하는 사람이다.

애인이나 마누라의 행동에 질투를 잘 하지만 이것은 사랑이기 때문에 조금이라도 의심을 감출 수가 없기 때문이다.
뱀띠 중에서도 가장 담백한 성질이므로 질투도 오래 가지않고 깨끗하게 승낙하는 화끈한 면이 사람들에게 사랑을 받는다. 

큰 일을 목전에 두는 사람이기도 하다. 
그 목적을 달성하기 위해서는 일직선으로 달리며 돌아가는 길은 절대로 생각지 않는다. 
그러기에 주위의 사람에게 피해를 준다는 것을 알지 못하는 것이 당신의 결점이다.
이 결점만 잘 커버한다면 35세 전후의 작은 물결을 제외하고는 순조롭게 된다.

연애할 때도 스트레이트로 애정을 표현하며 주저하지 않는다.
그러기에 깊이가 없다는 인상을 받지만 남성은 2세 이상 연령의 차이가 나지 않는 성격이 비슷한 여성과 결혼하여 명랑한 부부로서 대우받으며 친척과의 관계도 중심이 되어 잘 돼 나간다.

토끼띠의 8월생, 뱀띠의 9월생 여성과 궁합이 맞는다. 
여성은 반대로 사색적인 남성과 맞으며 그 행동성의 부족을 보충해주는 역할을 하게 된다.
닭띠의 4월생, 뱀띠의 9월생 남성과 맞는다.
","巳","丑",24
"사월 말띠의 성향 - 화려하고 외향적인 행동가인가 하면 상당한 이론가이다.

스포츠카를 타고 고속도로를 달리면서 엔진이나 디자인에 대해서 보통 승용차와의 다른 점을 유창하게 한바탕 떠들고 싶어한다.

보통 사람과는 달리 밀고나가는 힘이 강하고 조그마한 끄나풀도 최대한으로 이용한다. 
빽으로 학교에 들어가는 것도 아무렇지도 않게 생각할 정도이며
백화점의 판매원과 친해져서 할인 특매가를 이용하는 것 쯤은 아무것도 아니다. 

결혼피로연은 물론 회비제이다. 
명함을 받은 사람에게는 모두 초청장을 내서 신혼여행의 비용을 충당시키고도 아직 거스름돈이 남았다는 악착스러운 사람이다.
현대를 살아 가는데 적성 만점인 사람이다.

그런데 극단적으로 비관해서 빠져나오는데 시간이 많이 걸리게 되는 수가 있다. 
평상시 개성이 강한만큼 주위 사람의 조력을 얻을 수 있도록 마음을 쓰기 바란다.

이러한 남성에는 온순하지만 마음이 강한 양띠의 11월생, 개띠의 8월생 여성이 맞는다. 
여성은 크게 감싸서 끌어주는 남성이 필요하다.
뱀띠의 6월생 개띠의 4월생 남성과 생리적으로도 꼭 타이밍이 맞는 커플이다.","午","巳",28
"팔월 말띠의 성향 - 감각적인 판단으로 계속적인 행동을 보인다.

생각에 생각을 거듭한 결론보다는 피부로 느낀 첫인상을 존중한다. 
초지의 단계에서 기초적인 연구를 착실히 해 두면 25세 전의 젊은 나이로 성공을 할 수가 있다.
영화배우 숀 커넬리가 이 달의 출생이다.

비즈니스맨이 되어도 선배가 적은 신설부문에 배치되어서 동기생 중에서도 톱을 달리는 사람이다. 
평상시는 그늘에 가리워서 빛을 보지 못하나 자기의 손해가 되는 일은 절대로 하지 않고 사람을 눌러붙이는 능청스러운 점이 있다.
조그만 기회에 이것이 클로즈업되어 상사나 동료의 신뢰를 잃게 된다. 
남편의 본가에 금전적인 트러블이 생겼을 떄 부부사이에 미요한 금을 가게하는 것은 처의 이 결점 때문이다.

이 달 태생의 사람은 여행을 좋아한다. 
특히 남성은 여행 중에 놀기를 좋아하며 회사에 전달한 출장 스케줄과 집에 알리는 스케줄에는 하루나 이틀의 차이가 있는 것 같다.

남성의 궁합을 보면 뱀띠의 4월생, 개띠의 11월생인 딱 잘라서 행동하는 여성과 맞는다. 
약간 변덕스럽고 감정에 빠지기 쉬운 당신과 반대의 성질이 플러스된다.

여성은 건실하고 상식적인 생활을 좋아하는 개띠의 12월생, 양띠의 10월생 남성이 맞는다.","午","酉",32
"일월 양띠의 성향 - 전해의 말 성격과 비슷하며 명랑하고 행동력도 있고 독립심이 왕성하다.

단 소심하며 과감한 모험을 하지 못하여 모처럼의 찬스를 눈 앞에 두고 놓치는 경우가 있다. 
샐러리맨이라면 언제 계장, 과장이 되는가 정년까지는 얼마를 저금하는가,
결혼은 몇살에 하고 어린애는 몇명 둔다는 면밀한 인생설계를 세워서 이것을 꾸준히 실행해 나간다. 
레코드의 바늘 같은 것도 사용시간 끝까지 사용하는 사람을 흔히 볼 수가 있다.
그러나 쫌팽이는 아니다. 마작을 하자고 권하면 한판정도는 상대를 하고 바에 가면 예술론도 토론하고 
호스테스와 서로 웃음도 나눈다.

여성은 몸집이 좀 작은 평이나 균형이 잡혀 있는 것이 특징이다. 
애정교환을 할 때 분위기 조성으로부터 시작해서 형식을 밟지 않으면 마음이 차지 않는다. 
데이트에는 기분좋게 응하고 말도 잘 하지만 비교적 조심하므로 결혼을 전제로 하지 않으면 재미있게 교제할 수가 없는 것 같다. 
남녀 모두 비약하기 위해서는 자기의 틀을 자신이 깨는 용기가 필요하다.

궁합은 여성이면 뱀띠의 3월생 남성이 좋다.
남성이면 토끼띠의 8월생 여성이 좋을 것이다.

귓병, 축농증 등 이비과 계통의 질병에 주의하기 바란다.
","未","寅",37
"오월 양띠의 성향 - 이 달의 여성은 육체에 관한 한 남자가 여성에게 바라는 모든 소질을 갖추고 있다. 

귀엽고 기품이 있는 얼굴모양, 가는 목줄기, 풍부한 앞가슴, 날씬한 허리, 펑퍼짐한 엉덩이, 순백한 피부로서 아라비안 나이트에서 찬양되는 이상적인 처녀 그대로이다.
파티나 다과회에는 반드시 호스테스로서 끌려나가게 되는 여성이다. 
멋있는 것은 몸 뿐만이 아니다. 겸손하고 감수성도 예민하며 센스가 좋은 것도 남달리 뛰어나다.

남성은 작은 몸매이면서도 갖추어진 용모와 균형이 잘 잡힌 몸을 갖고 있다. 
약간 혀가 짧은 듯한 언어법은 특히 연상의 여성이나 물장수의 여성을 끌어들 일 것이다.
바의 한 구석에서 늘어진 머리카락을 한 손으로 살짝 빗어올릴 때마다 한 사람의 여성이 이 남자에게 사로잡히게 되는 것이다.
술을 좋아하며 양주나 소주, 정종이라도 있으면 있는만큼 마시는 편이므로 알콜중독에 주의하기 바란다.

과수원, 목장, 농장 등 나무나 풀과 인연이 있는 직업을 가지면 성공하게 된다. 
취직한다면 회사 내에서도 연구실이든가 기술개발부 등 아이디어와 창조력을 살리는 곳을 택하여야 한다. 

남성은 상냥하고 모성본능이 강한 개띠의 5월생 여성이 좋다.
여성은 관대하게 리드해 주는 원숭이띠의 6월생 남성이 이상적인 궁합이다.

이 달 태생에는 작가, 연극배우, 가수들이 많다.","未","午",41
"시월 양띠의 성향 - 이 달의 남성은 두뇌가 명석하고 냉정하고 침착하고 철저한 현실주의자이다.

자기의 대망 성취를 위해서는 갖은 술책을 다할 것이며 부모형제까지도 희생시킨다. 
전국시대의 장수의 피를 이어받고 있다. 

시대흐름에 민감하여 변신을 빨리한다.
보기에는 태평하고 쾌활한 성격도 따지고 보면  인정이나 일시적인 감정에 빠지지 않는 침착, 냉정심에서 온 것이라 할 수 있다.
정치가, 기자, 편집자, 기자 등이 되면 성공은 틀림없다.

여성은 젊었을 때 리더쉽을 발휘해서 그룹에서 그룹의 일을 잘 본다.
남편을 지나치게 소중히 하므로 약간의 감기라도 회사를 쉬게 하고 야근을 싫어하므로 사회적인 성공을 얻고 싶은 남성에 있어서는 그다지 좋은 아내라고 보기 힘들것이다.
가사이외에도 남편을 리드하는 경향이 강한 것 같다. 
마음도 온순하고 몸도 튼튼하지만 이상하게 신경질적이며 어디 한 곳도 나쁜데가 없는데도 감기약, 소화제 등을 상용하고 남에게도 먹이고 싶어한다.

남성은 겸손하고 마음이 약한 말띠의 8월생 여성과 알맞다.
여성은 범띠의 9월생 남성과 잘 어울린다.","未","亥",46
"이월 원숭이띠의 성향 - 정월 태생과는 그 양상이 전혀 다르며 친절하고 낙천가이다.

회사에 새로이 입사한 그 날에 경리아가씨나 엘리베이터 여직원과 아주 친해지거나 며칠이 지나서 다른 과의 여직원과 데이트를 할 정도의 교제가 좋은 편이다.
대인관계가 좋으므로 조직력도 있고 학교나 직장에서 금시에 친해지자마자 클럽을 조직한다. 
결혼의 피로연이나 그룹여행 등에서 이 사람에게 간사의 역을 부탁해 두면 절대로 안심이다.

젊었을 때에 사랑을 받고 주목을 끌지만 인품의 무게가 없다는 점에서 중년이 되는 시기가 되면 차차 일하는 면에서의 인상이 도리어 희박해져서 선발의 멤버에서 빠지는 사태가 생길 수가 있다.
남을 잘 도와주고 정직한 반면에 자신의 생활은 남에게 보이지 않게 하고 의외로 알려져있지 않는 점이 많은 사람이다.
친구들과 유쾌하게 술을 나눈 뒤 헤어진 후는 반드시 혼자서 다시 마시러 간다. 
여기서 볼 수 있는 얼굴은 평상시에는 볼 수가 없는 마음 속으로 남한테 이기려는 표정이 나타난 우울한 얼굴이다.
남성은 가정의 일에는 그다지 간섭하지는 않지만 실은 좀 고집적인 요구를 갖고 있다. 

범띠의 3월생, 뱀띠의 5월생 여성은 이 마음을 알아차리고 일부러 한다는 것을 모르게 하면서 
위로할 수 있는 사람이며 궁합도 좋다.
또 여성은 눈썹이 짙고 정신적으로 건전한 쥐띠의 6월생 남성과 궁합이 맞는다.
","申","卯",50
"유월 원숭이띠의 성향 - 감동하기 쉽고 싫증도 빠른 성격이다.

감정의 기복이 심하고 사소한 일에도 불끈하는 반면에 눈물이 많은 것도 보통사람 이상이다. 
그만큼 일에 미치는 경향이 있어 주위에 항상 파란을 일으키는 일이 생긴다. 
고독감을 싫어하는 성질이며 항상 사람들에게 감싸여서 떠들고 지내고 싶어한다.
그러나 떠들고 지낸 후의 적막감이 슬픔을 가져다 주는 사람이다.
감명을 쉽게 받는 것은 마음뿐만이 아니다. 조그만 자극에도 몸 전체가 민감하게 반응한다. 
특히 목줄기에서 어깨, 등에 걸친 감수성이 예민한 사람이 많은 것 같다.

알콜에 약한것이 약점이다. 얼굴에 나타나지 않으므로 기분나는대로 마시고 일정한도를 넘으면 갑자기 취해서 정신을 잃어버리고 만다.

이 달에 태생에는 가수로서 목소리가 예쁜 사람이 많다. 
전화를 통해서의 목소리는 그야말로 일품이다. 
남성은 가는 손가락의 소유자이며 담배를 피우는 태도가 멋있는 것도 매력의 하나이다.

궁합은 남성은 모성적으로 마음이 따뜻한 여성을 구한다.
양띠의 5월생, 쥐띠의 2월생 여성과 2년이상의 교제를 거쳐서 결합하는 것이 이상적이다.
여성은 안정성이 있는 성격의 소띠 10월생, 토끼띠의 3월생 남성과 맞는다.","申","未",54
"시월 원숭이띠의 성향 - 원숭이띠 중에서도 가장 충실하게 활동하는 사람이다.

쉬는 날도 집에 가만이 앉아있는 성미가 못 되며 
오전중부터 어딘가 들떠 있고 낮 이후는 복잡한 거리를 다니고 있다. 
새로 개점한 집에는 만사를 제치고 달려가서 기념품을 받아가지고 온다.

자기 용건이 끝나면 상대의 말이 끝나기도 전에 전화를 끊거나 거스름돈만 받고 
물품을 갖고오는 것을 잊는 아둔한 성격이다.
면밀한 계획성을 필요로 하는 직업이나 스케줄에 구속되는 직업, 하루종일 앉아서 하는 직종에는 절대로 맞지가 않는다.

몸치장에는 무관심한 편이며 회사차를 빌려서 데이트하는 것도 보통이다.
말에 꾸밈새가 없으므로 프로포즈도 갑자기 단도직입적으로 한다.
상대방은 너무나 갑작스러운 일에 놀라지만 그 날 밤 집으로 돌아가서 오늘 당한 일을 생각하면 평상시 보고있던 사고꾸러기라는 통념과는 달리 따뜻한 마음과 진실성이 떠올라 승낙하는 것이 당연하다고 생각하게된다.
여성과 단 둘이 되면 평상시의 행동으로는 믿을 수 없을 정도로 친절성과 조심성이 있다.

궁합이 맞는 것은 소띠 8월생, 토끼띠의 7월생 여성이다.
여성은 토끼띠의 8월생 돼지띠의 2월생인 환타스틱한 행동을 사랑하는 남성과 궁합이 맞는다.","申","亥",58
"오월 닭띠의 성향 - 근면하고 온화한 사람이다.

단 경계심이 보통사람 이상으로 강하므로 될 수 있는 일도 경계한 나머지 하지 않고 그치고 마는 일이 많다는 것이 생각해 볼 문제이다. 
친구한테서 놀러가자고 초대를 받아도 이것 저것 생각한 끝에 거절하고 만다.
그러므로 친구를 그다지 사귈 수가 없으나 인덕은 있어 학교나 직장에서의 신뢰는 얻을 수가 있다.
자주 집을 봐 달라고 부탁받는 사람이다. 
또 서클 등에 가입하면 꼭 회계역을 맡게 된다.

술을 좋아하고 또 술에 강한 것에서는 닭띠중에서도 1,2위를 다툰다. 
그러나 절대로 난잡한 술은 아니다.

직업은 도서관 사서, 정치가의 비서 등이 가장 적합하다.
어떠한 직업에 종사하든간에 고향을 일단 떠나서 먼 객지에서 일을 하는 것이 운이 열린다.

애정면에서는 그다지 큰 파란이 없을 것이다.

궁합은 여성에게는 본성이 성실하고 표면은 화려한 느낌의 뱀띠인 11월생 남성이 알맞을 것이다. 
또 남성이면 개띠의 정월생, 소띠의 6월생 여성이 좋을 것이다.

술을 좋아하기 때문에 위장병 그 밖에 소화기관의 병이 자주 생긴다.
이 달에는 작가가 많고 지적 분위기를 가진 사람이 많이 태어나는 달이다.","酉","巳",64
"팔월 닭띠의 성향 - 관대하고 자유방임주의를 인생의 모토로 하고있다.

타인의 실패나 결점도 웬만한 것이라면 크게 봐 주는 아량의 소유자이지만 그만큼 자기에 대해서도 어느 정도 너그러운 점이 있다. 의지가 약하고 유혹에 빠지기 쉬운 것이다. 
지불이 어렵다는 것을 눈에 빤히 보면서도 무의식중에 의리없는 짓을 쌓는 결과가 되는 일이 많은 것 같다.

여성은 일이나 교제 등 대외적으로는 정확하게 하지만 집으로 돌아가면 긴장이 풀리기 쉽다.
누운채로 텔레비젼을 보거나 과자를 먹으면서 전화의 대화를 하기가 일쑤이며 남동생이나 여동생들에게 웃음거리가 되는 수도 있을 것이다.
그러나 타고난 귀여운 장난기와 요정과 같은 사랑스러운 매력은 남성을 싫증나게 하지 않는다. 
또 이빨이 예쁜 것도 특징이다.

문학, 미술면에 적성일 것이다.

궁합으로서는 범띠의 9월생 남성이 좋을 것이다.
남성은 영리하고 남에게 지지않는 성격의 여성을 택하는 것이 좋을 것이다.
원숭이띠의 8월생 여성이면 문제가 없을 것이다.

남성으로서는 배우, 가수가 많고 여성에는 재즈 등 음악가가 있다.
이 달 태생은 건강면에서는 각기병에 주의하여야 한다.","酉","酉",68
"십이월 닭띠의 성향 - 남을 치켜세우는데 명인이다.

이 사람에게 부탁을 받았으면 자기도 모르게 마음이 커져서 무리한 주문도 받아들이게 된다. 
돈을 빌리는 수단에는 어깨를 겨눌 자가 없다. 
말이 유창하기보다는 인품을 알아내고 마음을 잡는 재능이 있는 것이다.
이런 사람에게는 아나운서에서 정치가로 전향하는 사람이 많다.

학교에서 성적은 나쁘지는 않지만 사회에 나와서 특이한 능력을 발휘한다. 
차를 공짜로 타는 법, 세계의 젓갈 백가지를 담는 법, 속기보다 글을 빨리 쓰는 방법 등 유니크한 생활의 지혜를 몸에 익히고 있다. 
또, 혼인에 관한 민법의 사항을 모두 암기하고 있어 이성관계로 곤란을 당하고 있는 친구를 도와주는 일도 하고 있다.

이 달의 여성과의 생활은 남성으로서는 다정다감하고 즐거운 생활이 될 것이다.
매일 매일 다른 화제, 분위기 등  적극적으로 생활을 즐기려는 사람이기 때문이다. 
그러나 체질적인 문제도 있어 자식복은 그다지 없는 것 같다.

궁합은 돼지띠의 8월생 남성이 좋을 것이다.
남성은 개띠의 10월생 여성이 맞는다.

또한 남녀 모두 사소한 재간으로 뛰는 것보다 종합적인 판단력을 요구하는 일 특히 정치가, 저널리스트의 길이 좋을 것이다.","酉","丑",72
"사월 개띠의 설향 - 이론파, 사색형으로서 자부하고 있다.

그러나 실제로는 도리에 맞는 행동은 하지 않는 사람이다. 
그러면서도 자기는 이것을 느끼지 못할 뿐만 아니라 때로는 익살이라는 생각마저 보인다.
대망과 정열, 추진력을 갖고 있고 그릇은 크므로 그것에다 자기를 보는 눈을 양성하기만 하면 크게 발전할 수가 있다. 
그러나 발전하는 최대의 원동력이 되는 것은 이론이나 사색이 아니고 몸으로 부딪쳐가는 것을 잊어서는 안된다. 
이것을 상실해서는 매력의 대부분이 없어지고 말 것이다.

타인과 말을 할 때에 자기가 자기 말에 맞장구를 치는 버릇이 있다.

결혼은 친구의 결혼식에서 우연히 옆자리에 앉았던 것이 인연이 된다.
말이 성립되어져 가면 친구를 통해서 스피디하게 진행시켜야 할 것이다. 
같은 결혼식장은 사용하지 않는 것이 좋을 것이다.
식의 날짜를 상대의 생일날에 맞출 수가 있다면 대단히 좋을 것이다.

여성의 궁합은 착실한 회사의 승진 에스컬레이터에 타고 있는것 같은 말띠의 2월생, 돼지띠의 정월생이 장래도 있고 온정미가 있는 남성이다.
남자는 지출이 많은데 돈이 모자란다는 타입이므로 집안이 좋은 여성이 좋은 것이다.
소띠의 10월생 용띠의 7월생과 궁합이 맞는다.

이 달 태생에는 건축가나 서예가, 가수들이 많다.","戌","巳",76
"팔월 개띠의 성향 - 냉정성과 비판성이 센 성격이다.

아무래도 행동보다 사색이 앞서며 능동성이 부족하다. 
그만큼 파탄도 적지만 [호구에 들어가지 않으면 범새끼를 못 얻는다] 라는 것처럼 행동력이 부족하고 이것이 약점이 되어 하나의 포지션을 다투었을 때도 최후에 경쟁에 지는 타입이다. 
단념도 빠르며 인내력도 모자란다.

회사의 내근, 영화 관계 등에 맞는다. 
부모,형제,자매,부부,자식,부하 등 주위 사람에게의 마음 씀씀이는 누구보다도 한층 위이다. 
그러나 이 마음 쓰는 것, 다소 친척을 우선적으로 하거나 배타적인 경향이 없는 것도 아니다.

여성은 내자식만 귀여워하는 교육자 엄마적인 소질이 충분하다. 
회합의멤버에 섞이면 리듬이 무너지는 사람이다. 이것인가..? 저것인가...? 
결정을 하지 못하고 반드시 남에게 독촉을 받고서야 우물쭈물 일을 하는 과감성이 없는 점이있다. 
크게 바라지를 못하고 배짱이 작으므로 톱으로는 되지 못 할 사람이다.

궁합을 보면 여성은 대국적인 남성과 짝지울 필요가 있다. 
강제로 끄는 것이 아니라 살며시 이끌어주는 토끼띠의 11월생, 말띠의 4월생 남성과 맞는다.
남성은 행동적인 여성과의 음과 양의 짝지움이 이상적이다. 
쥐띠의 3월생, 말띠의 12월생 여성이면 좋다.

이 달의 태생에는 사장이나 배우, 탤런트들이 많은 것 같다.","戌","酉",80
"십일월 개띠의 성향 - 일을 하는데 대해서는 자신만만함과 침착함으로 보증하고 있는 숙련가 타입이다.

반면 당신의 개인적인 생활은 자기 자신의 생활영역을 만들어서 그곳에서 나오지 않고 또한 다른 사람의 침입도 용서하지 않는다. 

개띠로서는 교제가 서투르다. 
무슨 말인가하면 인간에 대한 관찰이 예리하고 애인의 신변에 대해서도 매니큐어의 색이 변한 것, 헤어스타일의 약간의 변화, 스커트 길이가 올라간 것 등 극히 세밀한 것까지 마음을 쓴다. 
이와같은 관찰의 결과가 그대로 남을 시기하고 의심하는데 이어지는 점이 당신의 약점이다.
사랑하기 때문이라고는 하지만 최후에는 상대를 신용할 수 없게 되는 것이다.
이 점이 결혼일보전까지 도달했을 때에 그녀로 하여금 최종적인 결단을 주저하게 만든다.

여성은 신경을 쓰지 않게 하려는 노력이 도리어 상대를 피곤하게 만든다.
오히려 마음에 떠오른 욕구는 무엇이든 그대로 말할 수 있는 어리광부리는 귀여운 여자인 것이 당신에게 맞는다.

궁합을 보면 여성은 연령의 차이가 있는 말띠의 8월생, 돼지띠의 3월생 남성과 여유있는 
가정을 꾸미는 것이 행복하게 된다.
남성은 명랑하고 천진한 쥐띠의 10월생, 개띠의 10월생 여성과 궁합이 맞는다.","戌","子",83
"삼월 돼지띠의 성향 - 부친의 일을 이어받아서 순조롭게 발전시키는 운수이다.

남성은 좋은 보좌역을 맡는것이 보다 크게 발전한다. 
여성의 경우 결혼은 자기보다 성격이 센 다른 일을 가진 남성을 택하고 객관적인 비판을 순수하게 듣도록 한다.

이 달 태생의 사람은 정열적이며 폭주하기 쉬운 경향이 다소 있다. 
될수록 남의 의견에 귀를 기울이도록 하고 지나치게 믿기 때문에 실패하는 일은 적게 해야 한다.

스포티한 복장이 잘 어울린다. 
흰 와이셔츠에 넥타이를 매는 스타일은 어딘가 어울리지 않는 것 같다. 
흰 좁은 바지에 빨갛고 굵게 뜬 스웨터, 귓가에서 내민 스카프가 세련되게 보이는 사람이다. 
여성은 스포티한 차림으로도 분위기에 맞췃서 바꾸어 입을 수 있는 여유가 있다. 
동양인으로서는 색이 잘 맞지 않는 자주빛을 멋있게 입을 수 있는 우아한 성품이 있다.
또 의복과 액세서리의 조화를 잡는 감각이 대단히 뛰어나다.

여성은 자기의 강한 의지를 콘트롤하고 재능을 자유롭게 발휘하게 만들어주는 용띠의 10월생, 뱀띠의 6월생 남성이 좋을 것이다.
남성은 표면에 나오지 않는 신경질인 성격을 이해해 주는 범띠의 2월생, 토끼띠의 10월생 여성과 궁합이 맞는다.

이 달 태생에는 배우, 가수, 탤런트와 같이 예술에 관계하는 사람이 많은 것이 특징이다.","亥","辰",87
"칠월 돼지띠의 성향 - 게으름을 고치고 싶은 마음이 있지만 자기가 좋아하는 길로 나감으로써 이것을 극복하게 된다.

책임은 최후까지 완수하고 시기가 다소 지연되더라고 그 길로서 반드시 사람의 위에 설수가 있는 운수를 갖고 있다. 
평상의 교제에서는 의리가 굳고 원만하므로 평판이 좋은 사람이다.

의복이나 차 등 전통적인 상품을 취급하면서도 그것에 현대적인 매력을 발전시키는 상법으로 성공한다.
여성은 한복이 어울리는 얼굴과 몸집이다. 
흰 색깔보다 약간 짙은 회색이 좋다. 그리고 수수한 느낌이 주게하는 것이 좋다.

예술, 예능 방향이 적성인 것 같다.
연애는 젊었을 때의 로맨스가 일단 중단되었다가 이것이 몇년 뒤에 부활하는 케이스가 많은 것 같다. 

궁합은 남성에게는 모성적인 마음의 안정을 줄 수 있는 양띠의 11월생, 원숭이띠의 4월생 여성이 좋고 여성은 의지가 강하고 키가 큰 소띠의 6월생, 말띠의7월생 남성과 맞는다.

이 달 태생은 작가나 가수, 배우들이 많다.","亥","申",91
"십이월 돼지띠의 성향 - 밝고 낙천적인 생활방법이 전면에 나와있다.

자기에게는 실력이 있다는 자신감이 강하고 결단력이 있는 행동을 취한다.
그러나 모든 일에는 떄가 있는 것이며 얻는 시기와 잃는 시기가 있다는 것을 생각해서 
때를 얻지 못한 시점에서는 지나치게 자신을 갖지 않도록 주의하여야 한다.
이 조심성만 있으면 강한 의지의 행동이 좋은 운수를 열게하고 남이 눈을 둥글게 할 일을 해 낼 것이다.
특히 장애에 부딪쳤을 때에 돌아가지 않고 정면으로 뚫고 나가려는 파이팅은 무엇으로도 바꿀 수 없는 재산인 것이다.

이달 태생의 사람은 남의 마음을 관찰하는 힘이 그다지 없는 것 같다. 
그리고 특히 남성의 여성에 대한 태도에서 이것을 볼 수가 있다. 
상대의 감정이 굳어지기 전에 일을 서둘러서 서로간의 타이밍을 맞지않게 하여 싫증이 겹치게 된다.

여성은 같은 직업의 남편을 택할 것이며 그리하면 자신의 재능을 발전시킬 수 있다. 
생활감각의 일치를 생각해서 궁합을 보면 범띠의 11월생, 돼지띠의 6월생 남성이 이상적이다.

남성은 과열을 자연스럽게 컨트롤하는 양띠의 8월생, 개띠의 5월생 여성이며 대학을 나오지 않은 여성이 이상적이다.","亥","丑",96
